(...) (alle) miteinander (Gruß),(Betrag) plus/minus (Abweichungsbetrag/Toleranz)
(...) Leute,(Jahre) bis zum Schuleintritt
(...) Leuts,(Jemandem) eine Absage erteilen
(...) allerseits (Gruß),(Komparativ) und (Komparativ)
(...) angehaucht (Person),(Tätigkeitsbezeichnung) sein bei
(...) in die Runde (Gruß),"(Versprechen, Termin) halten"
(...) zusammen (Gruß),"(Zusage, Termin) einhalten"
(Betriebsart ...) fahren,(alles) spricht für
(Business-)Kontakt,(auf die Dauer o.ä. ziemlich) anstrengend
(Fragewort) (denn) sonst,(auf einmal) weg
(Fragewort) anders,(auf jemanden) hören
(Grad an) Interesse,(auf jmd.) verzichten
(Leben und) Gesundheit,(daraus) wird nichts
(Streit) vom Zaun brechen,(das) Mädchen
(Superlativ)möglich,(das) Nötige veranlassen
(Warzen o.ä.) besprechen,(das) Schaffen
(achtungsvoll) aufblicken zu,(das) Umschlagen
(aller)erste Sahne,(das) Wirken
(an etwas) dran sein,(das) Wohl und Wehe
(auf jemanden) hören,(das) kann gar nicht
(aus etwas) Kapital schlagen,(das) sieht ein Blinder mit dem Krückstock
(bei / aus etwas etwas anderes) lernen,(den) Kaffee auf haben
(bei etwas) mit im Boot sitzen,(den) Zünder entfernen
(bei jemandem) Station machen,(den) inneren Schweinehund überwinden (und)
(bisher) nicht beantwortet,(der) Durchbruch
(darin) involviert (sein),(die Situation) entschärfen
(das) Austauschen,(die Situation) entspannen
(das) Auswechseln,(die) Faxen dicke haben
(das) Ersetzen,(die) Hand heben
(das) Machbare,(die) Kuh ist vom Eis
(das) Wort ergreifen,(die) Macht der Gewohnheit
(das) fetzt,(die) Nase gestrichen voll haben
(das) hört sich gut an,(die) Nase voll haben (von)
(das) klingt gut,(die) Regeln
(das) rockt,(die) Schnauze gestrichen voll haben
(die) Bedeutung haben,(die) Schnauze voll haben
(die) Erfahrung gewinnen (dass),(die) Stätte seines Wirkens
(die) Frau an seiner Seite,(die) Verantwortung übernehmen (für)
(die) Gunst der Stunde nutzen,(die) Wogen glätten
(durchaus) im Bereich des Möglichen (liegen),(die) andere Seite der Medaille
(ein Verhalten) annehmen,(die) landläufige Vorstellung
(ein) Kaleidoskop (von),(die) logische Konsequenz (sein)
(ein) Statement setzen,(die) übliche Vorstellung
(ein) Traum,(durchaus) ausbaufähig
(ein) anderer Mensch (sein),(durchaus) plausibel
(ein) anderer Mensch werden,(echte) Aufgabe
(ein) bisschen dalli!,(ein) (ganz) klarer Fall
(ein) gemachter Mann (sein),(ein) Aber
(ein) hörendes Ohr (haben),(ein) Erfolg
(ein) verschiedenes Paar Schuhe,(ein) Muss
(eine) Hoffnung hegen,(ein) Must
(eine) Lehre ziehen (aus),(ein) Must-have
(eine) Möglichkeit schaffen,(ein) Treffer
(eine) Offenbarung,(ein) Triumph
(eine) Seele von Mensch,(ein) Volltreffer
(eine) Stellungnahme abgeben (zu),(ein) großer Wurf
(eine) Zusage abgeben,(ein) gutes Wort einlegen (für)
(eine) Zusage machen,(ein) verschiedenes Paar Schuhe
(eine) bunte Mischung (von),(einander) gegenübergestellt
(eine) wahre Wonne,(eine Grenze) knacken
(einem Rat) folgen,(eine) (ganz) klare Kiste
(einen Rat) befolgen,(eine) Aufgabe übernehmen
(einen) Fuß in der Tür haben,(eine) Herausforderung
(einen) Redebeitrag leisten,(eine) Kleine
(einen) Test machen,(eine) Lanze brechen für
(einen) Versuch wagen,(eine) Sache in die Hand nehmen
(einen) Wunsch haben,(eine) Welle von
(einen) Wunsch hegen,(einem Rat) folgen
(einer Sache) Folge leisten,(einen Rat) befolgen
(einer Sache) Rechnung tragen,(einen) Cut machen
(einer Sache) Sorge tragen,(einen) Hass haben auf
(einer Sache) genügen,(einen) Plan fassen
(einer Sache) gleichkommen,(einen) hohen Stellenwert genießen
(einer Sache) standhalten,(einen) hohen Stellenwert haben
(einmal) angenommen,(einer Sache) Folge leisten
(einmal) unterstellt (dass),(einer Sache) Sorge tragen
(emotional) intensiv,(einer Sache) die Schärfe nehmen
(er)hoffen,(einer Sache) ein Ende setzen
(es sich) zur Aufgabe machen,(einer Sache) müde (sein)
(es) abgesehen haben auf,(einer Sache) überdrüssig sein
(es) geschafft haben,(einfach) drauflos
(es) gibt,(einziger) Nachteil
(es) sei,(eiskalt) abservieren
(et)was tun,(es gibt) Entwicklungsbedarf
(etwas ist) ein Aufwasch,(es gibt) nichts zu diskutieren
(etwas) am Hut haben (mit),(es sich) zur Aufgabe machen
(etwas) annehmen,(es) ist gut
(etwas) ausprobieren,(es) ist nicht getan (mit)
(etwas) ausschlachten,(etwas) anstreben
(etwas) erhoffen,(etwas) anvisieren
(etwas) im Stehen auf der Treppe erledigen,(etwas) beibringen
(etwas) kann jeder,(etwas) erwägen
(etwas) macht einen anderen Menschen (aus jemandem),(etwas) gehört auf jeden Fall dazu
(etwas) mitnehmen,(etwas) hinter sich bringen
(etwas) mitnehmen aus,(etwas) im Auge haben
(etwas) nicht anders wollen,(etwas) im Sinn haben
(etwas) nicht ausschließen können,(etwas) in die Hand nehmen
(etwas) provozieren,(etwas) klären
(etwas) quittieren (mit),(etwas) leid sein
(etwas) sagen zu,(etwas) lässt tief blicken
(etwas) unterstellen,(etwas) managen
(etwas) wollen,(etwas) nicht mehr hören können
(frei) von der Leber weg,(etwas) petzen
"(fälschlicherweise) denken, dass",(etwas) planen
(für ...) gut,(etwas) regeln
(für etwas) Sorge tragen,(etwas) satt haben
(für jemanden) Programm machen,(etwas) tun für
(für jemandes) Unterhalt aufkommen,(etwas) von sich hören lassen
(für seine Zwecke) nutzen,(etwas) vor Augen haben
(für seine Zwecke) zu nutzen verstehen,(etwas) vorhaben
(ganz) oben angekommen (sein),(etwas) weitergeben
(geht) in Ordnung,(etwas) überbekommen
(genau) wissen wollen,(fort) wie weggeblasen
(gezielt) suchen,(freundliches) Entgegenkommen (in Geschäftsbriefen)
(gute) Beschaffenheit,(für etwas) Sorge tragen
(günstige) Gelegenheit,(für jemanden) bereitstehend
(herum)kramen,(für jemanden) frei gehalten
(herum)kruschteln,(für jemanden) reserviert
(herum)stöbern,(gerade) Ausrichtung
(herum)suchen (ohne System),(gerade) Linie
(herum)wühlen,(gerade) Reihe
(ich hab schon) verstanden,(großartige) Leistung
(im) Schlepptau,(gut) nachvollziehen können
(immer) im Doppelpack,(gut) verstehen können
(immer) zusammen,(günstige) Gelegenheit
(in jemandem) reift die Erkenntnis (dass),(im) Kindesalter
(irgendwo) Stammgast sein,(innere) Einstellung
(irgendwo) häufig verkehren,(innerlich) in Aufruhr
(irrigerweise) annehmen,(innerlich) zerrissen
(ist) gebongt!,(ins Geschehen) eingreifen
(ist) gemacht!,(irgendwie) auftreten
(ist) möglicherweise (so),(irgendwohin) gehen
(ist) okay,(jemand) hat es hinter sich
(jemandem etwas) anbieten,(jemand) hätte mehr erwartet
(jemandem etwas) ins Gesicht (sagen),(jemand) kann kaum die Augen aufhalten
(jemandem mit etwas) aufwarten,(jemandem etwas) erklären
(jemandem) (...) entgegenbringen,(jemandem etwas) ins Gesicht (sagen)
(jemandem) Dank aussprechen,(jemandem etwas) verpassen
(jemandem) Dank sagen,(jemandem) absagen
(jemandem) Einlass gewähren,(jemandem) bis Oberkante Unterlippe stehen
(jemandem) Stütze (sein),(jemandem) bis da stehen (+ Geste)
(jemandem) Zutritt gewähren,(jemandem) bis hier stehen (+ Geste)
(jemandem) auf die Bude rücken,(jemandem) den Rest geben
(jemandem) begegnen,(jemandem) den Stuhl vor die Tür setzen
(jemandem) begegnen mit,(jemandem) den Vertrag nicht verlängern
(jemandem) entgegengebracht werden,(jemandem) fallen die Augen zu
(jemandem) entgegenkommend,(jemandem) gram sein
(jemandem) entgegenschlagen,(jemandem) langen
(jemandem) guttun,(jemandem) reichen
(jemandem) in die Arme spielen,(jemandem) vorbehalten
(jemandem) in die Hände spielen,(jemandem) wichtig sein
(jemandem) in die Karten spielen,(jemandem) zeigen (was er zu machen hat)
(jemandem) runtergehen wie Öl,(jemandem) zu blöd werden
(jemandem) schmeicheln,(jemandem) zu dumm sein
(jemandem) seine Aufwartung machen,(jemandem) zu dumm werden
(jemandem) wichtig sein,(jemanden / etwas) verraten
(jemandem) zu Hilfe kommen (passiv),(jemanden) (schnell) abfertigen
(jemandem) zuteil werden,(jemanden) alle machen
(jemanden) (mit seinem Besuch) beehren,(jemanden) beanspruchen
(jemanden) aushalten,(jemanden) behelligen
(jemanden) bespaßen,(jemanden) bemühen
(jemanden) durchbringen,(jemanden) einvernehmen (bürokrat./jurist.)
(jemanden) einlassen,(jemanden) erledigen
(jemanden) eintreten lassen,(jemanden) fertigmachen
(jemanden) hereinlassen,(jemanden) geben
(jemanden) sehen,(jemanden) grillen
(jemanden) treffen,(jemanden) kaputtmachen
(jemanden) unterhalten,(jemanden) kündigen
(jemanden) versorgen,(jemanden) loswerden
(jemanden) vorlassen,(jemanden) schulen
(jemandes ganzes) Dichten und Trachten,(jemanden) zur Strecke bringen
(jemandes) Leute,(jemandes ganzes) Dichten und Trachten
(jemandes) rechte Hand,(jemandes) Arbeit
(kurze) Pause,(jemandes) Bedarf ist gedeckt
(mach) schnell!,(jemandes) Tätigkeit
(mit jemandem) konkurrieren,(jemandes) Zeit in Anspruch nehmen
(mit jemandem) zusammen,(jemandes) erste Lebensjahre
(na los) Bewegung!,(jetzt) gleich
(na) wird's bald?,(junges) Ding
(nur) mal angenommen,(klar) auf der Hand liegen
(persönlicher) Referent,(kunstgerecht) machen
(probeweise) annehmen,(künstlerische) Arbeit
(regelmäßig / oft) besuchen,(lässig ...) vorgetragen
(rum)krosen,(mal) anrufen
(sehr) einfach,(mal) durchklingeln
(sehr) engagiert,(offiziell) melden
(sehr) leicht,(periodische) Wiederkehr
(sehr) nah,(plötzlich) nicht mehr da
(sein) Einverständnis erklären,(rein) geistig
(seine) Aufgabe darin sehen,(restlos) ausverkauft
(seine) Bereitschaft erklären,(schnell) erledigen
(seine) Stimme erheben,(schriftliche) Arbeit
(seinen) Dank ausdrücken,(schriftliche) Darstellung
(seinen) Dank bekunden,(schriftliche) Hausarbeit
(seinen) Dank äußern,(seine / ihre) ganze Energie einsetzen
(seinen) Hut in den Ring werfen,(seine) Aufgabe darin sehen
(seinen) Nutzen ziehen (aus),(seinen Verletzungen) erlegen
(sich einer Sache/jemandem) zuwenden,(sich etwas) auf die Fahnen schreiben
(sich einer Sache/jemandes) annehmen,(sich etwas) vornehmen
(sich etwas) einbilden,(sich etwas) zu Herzen nehmen
(sich etwas) zu Herzen nehmen,(sich jemandes) entledigen
(sich etwas) zu Nutze machen,(sich) (alle) Mühe geben
(sich etwas) zu eigen machen,(sich) (echt) bemühen (um)
(sich etwas) zunutze machen,(sich) (einer Sache) befleißigen
(sich gedanklich) eingehend (beschäftigen mit),(sich) (etwas) angelegen sein lassen
(sich jemandes) annehmen,(sich) (neu) einbürgern
(sich jetzt einer Sache) widmen,(sich) (richtig) Mühe geben
(sich) (alle) Mühe geben,(sich) (richtig) reinhängen
(sich) (einer Sache) befleißigen,(sich) Arme und Beine ausreißen
(sich) (etwas) angelegen sein lassen,(sich) Mühe geben
(sich) (förmlich) aufdrängen,(sich) Streichhölzer zwischen die Augen(lider) klemmen
(sich) (jetzt) befassen mit,(sich) Ziele setzen
(sich) (jetzt) konzentrieren auf,(sich) Ziele stecken
(sich) (jetzt) kümmern um,(sich) alle Mühe geben
(sich) Hoffnungen machen (auf),(sich) anschicken
(sich) Mühe geben,(sich) ansiedeln
(sich) Wissen aneignen,(sich) anstrengen
(sich) Zeit für jemanden nehmen,(sich) auf die Hinterbeine stellen
(sich) abspielen,(sich) aufführen (als / wie)
(sich) anbieten,(sich) aufmachen (und)
(sich) andienen,(sich) aufraffen
(sich) aneignen,(sich) aufrappeln
(sich) angewöhnen,(sich) aus dem Fenster hängen (für)
(sich) anheischig machen (für/zu),(sich) ausbitten
(sich) anpassen,(sich) ausbreiten
(sich) anschauen (gehen),(sich) begeben (nach / zu ...)
(sich) ansehen,(sich) bemerkbar machen
(sich) antrainieren,(sich) bemühen
(sich) auf den Hintern setzen (und),(sich) bemühen (Arbeitszeugnis)
(sich) auf den Hosenboden setzen,(sich) bemühen (nach / zu ...)
(sich) aufstellen lassen,(sich) bemühen (um)
(sich) austauschen,(sich) benehmen
(sich) bedanken,(sich) bequemen
(sich) befassen (mit),(sich) betätigen (als)
(sich) begeben (es),(sich) bewegen (nach / zu ...)
(sich) begeben zu,"(sich) breitmachen (Pflanzen, Tiere)"
(sich) bemühen,(sich) dahinterklemmen
(sich) bemühen (um),(sich) daranmachen
(sich) bereit erklären,(sich) den Arsch aufreißen
(sich) besprechen,(sich) durchringen (zu)
(sich) bewerben,(sich) einer Sache annehmen
(sich) bilden,(sich) einmischen
(sich) blicken lassen,(sich) einschalten
(sich) einer Sache bedienen,(sich) einsetzen (für)
(sich) einfügen,(sich) engagieren
(sich) eingliedern,(sich) erledigen (meist Vergangenheits-Tempora: hat sich erledigt ...)
(sich) einlaufen lassen (Badewasser),(sich) erübrigen
(sich) einordnen,(sich) etablieren
(sich) einverstanden erklären,(sich) etwas vorstellen
(sich) empfehlen,(sich) geben
(sich) engagieren,(sich) gehaben
(sich) erbieten,(sich) gerieren
(sich) ereignen,(sich) gesagt sein lassen
(sich) ergeben,(sich) große Mühe geben
(sich) erhoffen,(sich) halten (an)
(sich) gesagt sein lassen,(sich) hinbegeben
(sich) gründlich (überlegen),(sich) hinbemühen
(sich) halten (an),(sich) hochrappeln
(sich) halten für,(sich) in Luft aufgelöst haben
(sich) herantrauen (an),(sich) in die Sielen legen
(sich) integrieren,(sich) ins Geschirr legen
(sich) intensiv (befassen mit),(sich) ins Zeug legen
(sich) jemandes Sorgen annehmen,(sich) kaum noch auf den Beinen halten (können)
(sich) krummlegen (für),(sich) kümmern
(sich) kurz fassen,(sich) melden
(sich) kümmern,(sich) mühen
(sich) kümmern (um),(sich) offenhalten
(sich) mühen,(sich) redlich mühen
(sich) positionieren,(sich) reinhängen
(sich) präparieren,(sich) reinknien
(sich) pudelwohl (fühlen),(sich) starkmachen (für)
(sich) tun,(sich) um etwas kümmern
(sich) umschauen nach,(sich) verbiegen
(sich) umsehen nach,(sich) verbreiten
(sich) umtun,(sich) verformen
(sich) unterhalten,(sich) verfügen (nach / zu ...)
(sich) unterreden,(sich) verhalten
(sich) verändert haben,(sich) verziehen
(sich) vorbereiten (auf),(sich) voll reinhängen
(sich) vorteilhaft auswirken (für),(sich) von selbst verstehen
(sich) wagen (an),(sich) werfen (Holz)
(sich) wähnen,(sich) zerschlagen
(sich) wünschen,(sich) überwinden
(sich) zeigen,(so) in dem Dreh
(sich) zu eigen machen,(so) klar wie eins und eins ist zwei
(sich) zur Wahl stellen,(sollte) in keiner Sammlung fehlen
(sich) zustimmend äußern,(systematische) Beschreibung einer Sprache
(sich) zutragen,(tägliche) Arbeit
(sich) ändern,(tägliche) Arbeitsleistung
(sich) äußern (zu),(unbedingt) notwendig
(sich) überzeugen lassen,(und) ward nicht mehr gesehen (pseudo-literarisch)
(sieben) auf einen Streich,(von etwas) genug haben
(so etwas) passiert,(völlig) klarliegen (Fall)
(so etwas) soll's geben,(weltanschaulich-politische) Ausrichtung
(so) wie (jemandem) der Schnabel gewachsen ist,(wie) gestochen
(und zwar) ein bisschen plötzlich!,(wieder) zur Arbeit gehen
"(versuchsweise) davon ausgehen, dass",(wieder) zur Arbeit kommen
(von etwas) ausgehen,(zeitlicher) Abstand
(von etwas) profitieren,(zeitliches) Intervall
(wie durch) ein Wunder,(über etwas) befinden
(wie) auf dem Präsentierteller,(über etwas) hinausgehen
(wie) ein Mirakel,(über)bemüht
(wirtschaftlich) nachhaltig,(über)fürsorglich
(zu etwas) dienen,*-Störung
(zu etwas) heranziehen,*-Therapie
(zufällig) begegnen,...frei
(äußerst) sorgfältig,...los
...affin,...welle
...freundlich,Abbruch
...gut,Abhandlung
...material,Abkommen
...orientiert (Person),Ablauf
...stoff,Ablöse
...verbindung,Ablösesumme
1a,Abmachung
Abbildung,Abschluss
Aber zackig jetzt!,Abschätzung
Ablichtung,Absprache
Abschluss,Abstand
Absicht,Abstandszahlung
Abzug,Abweichung
Adjutant,Adaptierung
Adlatus,Adaption
Affekt,Affront
Aktionspreis,Agreement
Aktionsradius,Akt
Aktiv,Akteure
Alte,Aktionstherapie
Anbindung,Alltag
Anbot,Alltagstrott
Anerbieten,Altstadtgasse
Angebot,Ambulanz
Angebot (Informatik),Amt
Angebote,Anforderung
Angliederung,Anforderungen
Anhang,Angela Merkel
Anlage,Angelegenheit
Anlass,Angie
Anliegen,Angleichung
Annäherung,Anlage
Anregung,Anlass
Anreiz,Anlauf
Anschluss,Anleitung
Anschlussmöglichkeit,Anliegen
Ansporn,Annahme
Anstandsdame,Annäherung
Anstandswauwau,Anordnung
Ansuchen,Anpassung
Anteilnahme,Anregung
Antrag,Anreiz
Antrieb,Anschauung
Antwort,Anschauungsweise
Anwesenheit (einer Person),Ansicht
Appetenz,Anspruch
Appetit (auf),Anstalt
Arbeit (= Produkt),Anstellung
Arbeit im Team,Anstoß
Arete,Anstrengung
Artikel,Antinomie
Aspekt,Antwort
Assistent,Anweisung
Assistenz,Arbeit
Assoziation,Arbeit (= Produkt)
Atempause,Arbeit (= das Arbeiten)
Aufgeschlossenheit,Arbeit (machen)
Aufhänger,Arbeitshaltung
Aufmerksamkeit,Arbeitspensum
Aufnahme,Arbeitsplatz
Aufnahmebereitschaft,Arbeitsstelle
Aufpasserin,Arbeitsverhältnis
Aufrichtigkeit,Areal
Auftauchen,Arrangement
Ausbelichtung,"Art, zu denken"
Ausgang,Artikel
Aushalten,Arztbrief
Aushilfe,Aspekt
Aushilfsjobber,Attitüde
Aushilfskraft,Aufbau
Auskunft,Auffassung
Ausmaß,Auffassung vom Leben
Ausprobieren,Aufgabe
Aussagekraft,Auflösung
Aussicht,Aufmerksamkeitsstörung
Aussprache,Auftreten
Austausch,Aufzucht
Auswechselung,Ausarbeitung
Auswirkung,Ausbildung
Auszeit,Ausdeutung
Balsam für jemandes Seele sein,Ausfluss
Banner,Ausgang
Bedarf,Ausgrenzung
Bedarf haben,Auslegung
Bedeutsamkeit,Auslöser
Bedeutung,Ausnahmen
Bedürfnis,Ausprägung
Bedürfnisse,Ausrichtung
Beeilung!,Aussage
Befragung,Ausschluss
Begehren,Ausschluss (von Schule oder Universität)
Begierde,Aussicht
Begleiterin,Aussperrung
Begleitperson,Austausch
Begleitung,Auswirkung
Begünstigung,Background
Beihilfe,Bahnkurve
Beisein,Bahnparabel
Beistand,Bann
Bekannter,Bannfluch
Bekanntschaft,Bannstrahl
Belang,Beanstandung
Benefit,Beantwortung
Beratung,Bedarf
Berührung,Bedenken
Beschleunigung,Bedeutung
Beschäler,Bedeutung haben
Besprechung,Bedienungsanleitung
Bestimmungsort,Bedürfnis
Betreuung,Befangenheit
Betriebsmittel,Befindlichkeit
Bettgenosse,Befruchtung
Beweg deinen Arsch!,Befund
Beziehung,Befundbericht
Beziehungskiste,Begebenheit
Bezug,Begehren
Bieten,Begierde
Bild,Begutachtung
Bildnis,Behagen
Bildungsgang,Behandlung
Bildungsoption,Behandlungsverfahren
Bildungsort,Behauptung
Bildungsweg,Beherrschung
Bildwerk (urheberrechtlich),Beispiel
Bindeglied,Bekannte
Bindung,Bekanntschaften
Bitte,Belehrung
Boyfriend,Bemühen
Brauchst du 'ne (schriftliche) Einladung?,Bemühung
Brauchst du (erst noch) ne Zeichnung?,Benachteiligung
Brotzeit,Benehmen
Brücke,Benutzerhandbuch
Brückenschlag,Beratungsbedarf
Burschenschaft,Bereich
Bündnis,Bericht erstatten
Chance,Beruf
Chancen,Berufstätigkeit
Dank abstatten,Berührung
Dank zollen,Beschaffenheit
Dann mal ran!,Beschränkung
Dasein,Beschäftigung
Dauer...,Beschäftigungsverhältnis
Desiderat,Beseitigung
Desideratum,Bestreben
Destination,Bestrebung
Dialog,Betrachtungsweise
Dialogbox,Betragen
Dialogfeld,Betreuer
Dialogfenster,Betriebsanleitung
Dienst,Beurteilung
Dimension,Bevollmächtigter
Diskussion,Bevölkerungsschicht
Domäne,Beweggrund
Drang,Bewertung
Drück auf die Tube!,Beziehung
Durst,Beziehungsmuster
Echo,Bezug
Effekt,Bezug auf Beziehungen
Ehrlichkeit,Bezugsperson
Einfluss,Bilanz
Emergenz,Bilanzaufstellung
Emotion,Bilderrahmen
Empfindung,Bildhalter
Ende,Bildmotiv
Entgegenkommen,Bildthema
Entgegnung,Bildungsoptionen
Entlastung,Bindungsstörung
Entourage,Blickrichtung
Entstehungsprozess,Blickwinkel
Entwicklungsmöglichkeiten,Bonusmama
Erdulden,Bonusmutter
Ergebnis (von),Botschaft
Erhebung,Boykott
Erleichterung,Broterwerb
Ersatz,Brückenschlag
Ersuchen,Bude
Ertragen,Büdche
Erwartung,Büdchen
Erwiderung,Causa
Erzeugnis,Chance
Eskorte,Charakter
Eventualität,Charakteranlage
Exkulpation,Charaktereigenschaft
Fabrikat,Charakteristik
Familiarität,Charaktermerkmal
Finanzspritze,Charakterzug
Finitum,Chassis
Folge,Chose
Foto,Chronik
Fotoaufnahme,Contenance
Fotografie,Contradictio in adjecto
Fragegespräch,Couleur
Freimut,Dampf
Freund,Darlegung
Freundin,Das hätten wir.
Freundlichkeit,Das wäre geschafft.
Frühstückspause,Dauer
Fulguration,Deern
Fälligkeit,Defizit
Fälligkeitsdatum,Deklaration
Fälligkeitstag,Denke
Fälligkeitszeitpunkt,Denkmuster
Fördermittel,Denkungsart
Förderung,Denkweise
Galan,Design
Gebot,Deutung
Gebrauch machen (von),Diagnose
Gebrauchsfähigkeit,Dignität
Gedankenaustausch,Ding
Gedankenverbindung,Ding der Unmöglichkeit
Gefolge (eines Prominenten),Direx (Schülersprache)
Gefolgschaft,Dirn(e)
Gefolgsleute,Diskrepanz
Gefüge,Diskussionsfaden
Gefühl,Disqualifikation
Gefühlsaufwallung,Disqualifizierung
Gefühlsbewegung,Distanz
Gefühlseindruck,Distinktion
Gefühlserregung,Drang
Gefühlsregung,Drehung um 180 Grad
Gefühlswallung,Drumherum
Gegebenheit,Durst
Gegenbemerkung,EInzelkontakt
Gegenrede,Ebene
Gegenwart,Effekt
Gegenwirkung,Effort
Gehilfe,Eigenschaft
Geht das (eventuell) auch ein bisschen schneller?,Eile
Gelegenheit,Eilfertigkeit
Geliebter,Einbuße
Geltung,Eingreifen
Gemein...,Eingriff
Gemeinschaft,Einhelligkeit
Gemeinschaftsarbeit,Einigkeit
Gemütsbewegung,Einigung
Genüge tun,Einklang
Geschäftsbeziehung,Einlassung (in juristischem Kontext)
Gesichtspunkt,Einmischung
Gespiele,Einmütigkeit
Gespräch,Einrichtung
Gesprächsstoff sein,Einsatz zeigen
Gespür,Einschränkung
Gestaltungsmöglichkeit,Einschätzung
Gestaltungsoption,Einsprache
Gestaltungsweg,Einspruch
Gesuch,Einstellen
Gesundheit,Einstellung
Gewicht,Einstellung (zu)
Gewinn,Einstimmigkeit
Gewissheit,Einstufung
Gib Gummi!,Eintracht
Gib ihm!,Einvernehmen
Gier,Einwand
Glaube,Einwendung
Grundstufe,Einzelkontakte
Gruppenarbeit,Einzelwesen
Gruß,Elaborat
Gruß aus,Eleganz
Gruß nach,Element eines Wahrscheinlichkeitsraums
Grüße,Elementarereignis
Grüßle,Elimination
Gunst der Stunde,Eliminierung
Gunstbezeigung,Empfängnis
Gunstbezeugung,Ende
Gut,Endergebnis
Gutshof,Endfassung
Gönnerschaft,Energie
Günstling,Engagement erkennen lassen
Güte,Engagement zeigen
Gütefaktor,Entfernung
Gütigkeit,Entgegnung
Hammer! (Jugendsprache),Entlassungsbrief
Handelsgut,Entwurf
Handlanger,Epikrise
Handlungsdiener,Episode
Handlungsmöglichkeit(en),Ereignis
Handlungsoption,Erfolg
Handlungsspielraum,Erfordernis
Hau rein!,Ergebnis
Hausfreund,Ergebnis (von)
Helfer,Erhabenheit
Helfer in der Not,Erklärung
Herzensgüte,Erledigung
Herzlichkeit,Erläuterung
Heute noch?,Errungenschaft
Hiatus,Erscheinungsform
Hilfe,Eruierung
Hilfestellung,Erwartung
Hilfsarbeiter,Erwartungen
Hilfsarbeitskraft,Erzeugnis
Hilfskeule,Erzählrahmen
Hilfskraft,Erörterung
Hinsicht,Ethos
Hoffnung,Evaluation
Hofschranze,Evaluierung
Hofstaat,Exegese
Honig saugen (aus),Fabrikat
Höfling,Fahrgestell
"I a (""eins a"")",Fahrrolle
Ich kann mein Glück noch gar nicht fassen!,Faktor
Ich könnte dir stundenlang zuhören.,Fall
Indulgenz,Falsum
Innigkeit,Fassung
Interaktion,Fazit
Interesse,Fehlanzeige
Interessen,Fehlbetrag
Interessengemeinschaft,Fels in der Brandung
Interessengruppe,Fern...
Interessenorganisation,Festlegung
Interessensgruppe,Feststellung
Interessensvertretung,Finitum
Interessenverband,Fitz
Interessenvertretung,Fleck
Interessiertheit,Flickflack
Interessiertsein,Flohmarktstand
Interface,Flucht
Interview,Fluchtlinie
Intimität,Flugbahn
Inzentiv,Flugkurve
Ische,Flugparabel
Jause,Fläche
Jetzt aber dalli!,Folge
"Jib Jas Justav, 's jeht uffs Janze!",Folgeerscheinung
Kapital schlagen (aus),Folie (eines Geschehens)
Karenz,Fond
Kavalier,Forderung
Kerl,Form
Kollege,Formel
Kolleginnen,Fortgang
Komm in die Gänge!,Fortschritt
Kommunikation,Frage
Konnektivität,Fragestellung
Konnex,Frist
Konnexion,Fräulein
Konnotation,Funktion
Kontakt,Funktionalität
Kontakte,Fuß fassen
Konter,Führer
Konversation,Führungshilfe
Kooperation,Gas geben
Korps,Gasse
Kreisgüte,Gebaren
Kriterium,Gebilde
"Kutscher, fahr er zu! (pseudo-altertümelnd)",Gebrauchsanleitung
Lass gehen!,Gebrauchsanweisung
"Lass jucken, Kumpel!",Gefasstheit
Lass schnacken!,Geflecht
Lass was passieren!,Gefüge
Lebensabschnittsgefährtin,Gegebenheit
Lebensbejahung,Gegen...
Lebensgefährtin,Gegenargument
Lebenspartnerin,Gegend
Leg ma ne Schüppe Kohlen drauf!,Gegenstand
Leg mal 'nen Zahn zu!,Gegenstimme
Leib und Leben,Gegensätzlichkeit
Lernerfahrung,Gehalt
Liaison,Geisteshaltung
Lichtbild,Geld (für)
Liebenswürdigkeit,Geldleistung
Liebesbeziehung,Gemeinde
Liebesfreundschaft,Gemüts...
Liebhaber,Gentleman's Agreement
Liierung,Gentlemen's Agreement
Lobby,Geradlinigkeit
Lover,Gerippe
Lust (auf),Gerüst
Lösungsidee,Geschehen
Lücke,Geschehnis
Mach fix!,Geschwindigkeit
Mach hin!,Geschäft
Mach hinne!,Gesellschaftsschicht
"Mach voran! (Betonung auf 1. Silbe, norddt.)",Gesinnung
Mach zu!,Gestus
Mann ihres Herzens,Getragenheit
Mann und Frau (sein),Gewerbe
Manufakt,Gewerkschafter
Markenzeichen,Gewerkschaftler
Material,Gewerkschaftsmitglied
Maßgeblichkeit,Gewicht haben
Mentoring,Gewissen
Metrum,Gewissensbisse
Milde,Gewohnheit
Mildtätigkeit,Gier
Mitarbeit,Girl
Mithilfe,Gleichgestimmtheit
Mithilfe (bei),Gott behüte!
Motivation,Graben
Motivierung,Gradlinigkeit
Musik in jemandes Ohren (sein),Grammatik (einer Sprache)
Musiktherapeutisch,Grandezza
Mutmaßungen anstellen,Gravität
Mädchen für alles,Grenzen
Möglich,Grenzen überschreiten
Möglichkeit,Grenzsetzung
Möglichkeiten,Grund
Nabe,Grund- (z.B. Grundkenntnisse)
Nachfrage,Grundbedingung
Nahesein,Grundeinstellung
Neugier,Grundereignis
Neugierde,Grundriss
Neuner,Gruppe
Nexus,Guideline
Nicht einschlafen!,Gunst der Stunde
Nichts wie ran!,Gut
"Noch einen Schritt langsamer, und du gehst rückwärts.",Gutachten
Nullstufe (der Steigerung),Gässchen
Nutzeffekt,Gässlein
Nutzen,Gör(e)
Nähe,Habitus
Nützlichkeit,Haken
O. K.,Haltung
Offenheit,Haltung (von Tieren)
Offenherzigkeit,Hamsterrad
Offerte,Handbuch
Opportunität,Handeln
Optimismus,Handelsgut
Option,Handhabung
Optionen,Handling
Partnerin,Handlung
"Pass auf, dass du nicht Wurzeln schlägst.",Handlungshilfe
"Pass auf, dass du nicht einschläfst!",Handlungsschema
Pause,Handlungsweise
Perspektive,Harmonie
Perzeption,Hast
Plus,Hastigkeit
Pluspunkt,Heilverfahren
Polgüte,Hektik
Position beziehen,Heldentat (halb-scherzhaft)
Positiv,Helfersystem
Potential,Herausforderung
Potenzial,Hergang
Pressure-Group,Hintergrund
Probe aufs Exempel,Hirte
Produkt,History
Präsentation,Hoffnung
Präsenz,Horizont
Q-Faktor,Hurtigkeit
Qualität,Höhe
Reaktion,Hüter
Rechnung tragen,Impuls
Rechtfertigung,Individuum
Regung,Inhalt
Reiseziel,Initialzündung
Reiz,Inkonsistenz
Relation,Institut
Relevanz,Institution
Replik,Integrationshilfe
Resonanzschärfe,Interaktion
Response,Interaktionstherapie
Responsion,Interpretation
Ressourcen,Intervention
Retter,Issue
Retter in der Not,Iteration
Rhythmus,Jahre als Kind
Risiko,Jahresabschluss
Rückendeckung,Jahrgangsstufe
Rückhalt,Job
Rückmeldung,Joch
Rücksprache,Justierung
Rückäußerung,Kaffeeklappe
Schlaf nicht ein!,Kalibrierung
Schluss,Kampfansage
Schnittstelle,Kaste
Schranze,Kautel
Schuldbefreiung,Kehre
Schwingkreisgüte,Kehrseite
Schützenhilfe,Kehrseite der Medaille
Seelenverwandtschaft,Kehrtwende
Sehnen,Kehrtwendung
Sehnen (nach),Kindchen (Anrede)
Sehnsucht,Kinder und Jugendpsychatrisch
Sehnsucht (nach),Kinderzeit
Sentiment,Kindesalter
Sichtbarwerden,Kindheit
Sie sagen es!,Kindheitstage
Signifikanz,Kiosk
Sinn,Kiste
Sinn und Zweck,Klasse
Sinneseindruck,Klassenarbeit
Sinnesreiz,Klassenleiterin
Sinnhaftigkeit,Klausur
Sonderpreis,Kleines (Anrede)
Spannmann,Klingenspitze
Spezis,Klischee
Spitze,Klischeevorstellung
Spruchbanner,Kluft
Stab und Stütze (bibl.),Kohls Mädchen
Stecher,Kohärenz
Stellenwert,Kommunikation
Stellung beziehen (zu),Kompetenzen
Stellung nehmen (zu),Kompromiss
Stimmungslage,Konfiguration
Stoff,Konformismus
Stopp,Konformität
Stärkung,Konkurrenzverhalten
Subvention,Konnex
Supervision,Konsens
Support,Konsensus
Synchronisation,Konsequenz
Systemressourcen,Konsistenz
Takt,Konstitution
Teamarbeit,Kontakt
Thema sein (zwischen),Kontext
Thematik,Kontradiktion
Time-out,Kontrolle
Tragweite,Konvention
Transfer,Konzept
Transition,Konzeption
Transparent,Kraft
Trieb,Krankheitserkennung
Tross,Kreise
Tugend,Kriegserklärung
Tugendhaftigkeit,Kulisse
Tätigkeitsform,Kurator
Tätigkeitsunterbrechung,Kurs
Umbruch,Kurzbericht
Umfrage,Kusselkopp
Umgang,Körperhaltung
Umsteigemöglichkeit,Laden
Ungelernter,Lage
Union,Laufbahn
Unterbrechung,Laufrad
Unterbruch,Laufrolle
Unterhaltung,Laut geben
Unterlass,Layout
Unterredung,Lebenseinstellung
Unterstützer,Leerschlag
Unterstützung,Leerschritt
Unterstützungsangebot,Leerstelle
Unterstützungsmöglichkeiten,Leerzeichen
Unterstützungszahlung,Leistung
Untersuchung,Leistungsabgabe
Unwägbarkeit,Leistungsanforderung
Utilität,Leistungsanforderung(en)
Verband,Leistungsergebnisse
Verbindung,Leistungserwartung(en)
Verbundenheit,Leistungsfähigkeit
Vereinigung,Leistungsniveau
Vergrößerung,Leistungspotential
Verhältnis,Leistungsüberprüfung
Verkettung,Leitfaden
Verknüpfung,Leitlinie
Verlangen,Leitvorstellung
Verlangen (nach),Lektion
Vermutungen anstellen,Lernerfolgskontrolle
Vernetzung,Lesart
Verpflichtung,Level
Verschnaufpause,Linie
Versmaß,Location
Verständigung,Lokalität
Verstärkung,Lösung
Versuch und Irrtum,Mad(e)l
Vertrauen,Madame Non
Vertraulichkeit,Maderl
Vertrautheit,Maid
Vesper,Maloche
Vorsatz,Manual
Vorschlag,Manufakt
Vorteil,Marschrichtung
Vorteil ziehen (aus),Marschroute
Vortrefflichkeit,Maßgabe
Vorwärts...,Medikinet
Vorzug,Meinung
Wachheit (für),Meldung erstatten
Wahnsinn,Meldung machen
Wahrhaftigkeit,Mensch
Wahrheit,Mentalität
Wandel,Meriten
Wandlung,Merkmal
Ware,Message
Warmherzigkeit,Messestand
Was stehst du hier noch rum!?,Miese
Wechsel,Minderstörung
Wechselbeziehung,Mindset
Weg,Minus
Wege,Minuspunkt
Werk,Misshelligkeit
Wert legen (auf etwas),Missverhältnis
Wertigkeit,Mitglied (in) der (...)
Wertschätzung,Mitglied bei (...)
Wichtigkeit,Mitglied in einer Gewerkschaft
Widerrede,Modus Vivendi
Wie wär's mit ein bisschen Beeilung?,Motiv
Wir haben nicht den ganzen Tag Zeit!,Muster
Wird das heut(e) noch was?,Mutter in Therapie integrieren
Wirkung,Mutter/Kind-Interaktionstherapie
Wohlempfinden,Mutti
Wohlwollen,Mädchen
Word!,Mädchen (Kind)
Wortwechsel,Mädel
Wunsch,Mäderl
Wunsch (nach),Mädle
Wunschliste,Möbelrolle
Wärme,Möglichkeit
Zahlungsziel,Mühe
Zeit haben (für),Mühewaltung
Zeit sparend,Mühle
Zeitpunkt der Fälligkeit,Nachbehandlung
Ziel,Nachfrage
Ziel (von),Nachteil
Zielsetzung,Nachteilsausgleich
Zielvorstellung,"Nachtigall, ick hör dir trapsen."
Znüni,Nachwirkung
Zuarbeit,Nastuch
Zuarbeiter,Neigung
Zugegensein,Neuauflage
Zugehörigkeit,Nichtübereinstimmen
Zugewandtheit,Nichtübereinstimmung
Zugänglichkeit,Niveau
Zukunftserwartung,Notarzt
Zuordnung,Notwendigkeit
Zusammenarbeit,Observanz
Zusammenhang,Option
Zusammenspiel,Ordnung
Zusammenwirken,Organisation
Zuschuss,Organismus
Zutrauen,Orientierung
Zutun,Ort
Zuversicht,Ort (Blankwaffe)
Zuversichtlichkeit,Ortschaft
Zweck,Ortskurve
Zweckhaftigkeit,Ortsparabel
Zweierbeziehung,Oxymoron
Zweierkiste,Papiertaschentuch
Zweites Frühstück,Paradigma
Zwiegespräch,Paradox
Zwiesprache,Paradoxie
Zwischenphase,Paradoxon
Zwischenzeit,Part
abbekommen,"Partei ergreifen (für, gegen)"
abchecken,Partie
aber ja!,Pathetik
aber sicher!,Patientenbrief
abfassen,Pegel
abgeklärt,Pensum
abgemacht,Performanz
abgetaut,Periode
abhandeln,Person
abkönnen,Person (Theater)
absolut irre,Perspektive
absolut super,Persönlichkeit
absolut!,Pfad
absoluter Wahnsinn,Pferdefuß
abwechslungsreich,Pflegemutter
achten,Phase
achtsam,Philosophie
adhibieren,Pi mal Daumen
adoptieren,Placement
affektiv,Plan
affengeil,Planung
affiliieren,Platz
affirmativ,Pläne schmieden
aggregiert,Pose
aggressiv,Position
agieren,Positur
agierend,Posten
akkurat,Prinzipientreue
akribisch,Priorisierung
aktiv,Priorität haben
aktiv (mithelfen),Problem
aktiv sein,Problematik
aktiv werden (in einer Angelegenheit),Problemlösung
aktive Kooperation,Produkt
akzeptieren,Profession
"akzeptieren (jemandes Vorstellungen, Konzeption, Angebot)",Programm
akzeptiert,Programmatik
alimentieren,Proposition
alle Mann hoch,Protest
alle machen mit,Prozess
alle zusammen,Prüfung
alles andere überdecken(d),Punkt
alles erreicht haben,Purzelbaum
alles klar!,Qualität
alles paletti!,Quelle
alles zusammen,Quintessenz
alles zusammengerechnet,Rahmen
allfällig,Rahmen gesteckt
allgemein bekannt,Rahmenbedingung
alltäglich,Rand
allzu,Randbedingung
als Doppel,Rasanz
als Zweiercombo,Raschheit
alternativ,Raum
am Ball,Rayon
am Kacken halten,Referat
am liebsten,Regelapparat
ambig,Regelklasse
ambigue,Regelmäßigkeit
ambivalent,Regeln
amikal,Regelwerk (einer Sprache)
an,Region
an der Tagesordnung,Regulierung
an einem Stück,Reiseplan
anbieten,Reiseroute
andauernd,Reiseweg
anders,Reklamation
anders (sein),Rektor
anders hörend,Rekurs
andersartig,Relation
anderswie,Repetition
anderweitig,Reprise
andienen,Repräsentant
anerkennen,Ressentiment
anerkennend,Resultat
angedeihen lassen,Rettungsdienst
angenehm,Rezept
angenommen,Richtlinie
angeregt,Richtmarke
angesammelt,Richtschnur
angeschaltet,Richtung
anhaften,Rolle
anhaltend,Rotation
annehmen,Rotzfahne
annehmen (Angebot),Route
anpackend,Routine
anrichten,Rückgrat
ansonsten,Rückkehr
ansprechbar (Person),Sache
anstandslos,Sachstandsbericht
anständig,Sachverhalt
antesten,Sacktuch
antreffen,Salto
antreten,Schablone
antworten,Schaden
anwenden,Schaffen
aper,Schattenseite
apparent,Schauplatz
applizieren,Schema
arbeiten an,Schicht
arbeitsam,Schickse
arriviert,Schluss
aspirieren,Schnelle
asservieren,Schnelligkeit
atemberaubend,Schneuztuch
atemraubend,Schnuderlumpen
auch,Schnupftuch
auch weil,Schublade
auf,Schularbeit
auf Dauer,Schulaufgabe
auf Tuchfühlung,Schuldgefühle
auf andere Art,Schuljahr
auf andere Weise,Schulleiter
auf den Fuß (folgen),Schwachpunkt
auf den Tisch bringen,Schwierigkeit
auf der Hand liegen,Schwung
auf der Suche (nach etwas) sein,Sehnen
auf die Probe stellen,Sehnsucht
auf einen Hieb,Sektor
auf einen Rutsch,Selbstverständnis
auf einen Schlag,Semantik
auf einen Versuch ankommen,Setting
auf einmal,Sicht
auf gut Deutsch (gesagt),Sicht der Dinge
auf lange Sicht,Sichtfeld
aufbauend,Sichtweise
aufbewahren,Sichtweisen
aufbrausend,Sinn
"aufdringlich (Geruch, Duft)",Sinngehalt
auffahren,Situation
auffallend,Sitzordnung
auffinden,Sitzordnung (Diner)
auffällig,Sitzordnung organisiert
aufgeklappt,Skizze
aufgeräumt,Skrupel
aufgeschlossen,Sorgeberechtigter
aufgeschlossen (für),Spanne
aufgesperrt,Spannung herausnehmen
aufgestellt werden,Sphäre
aufheben,Sprachbau
aufkommen,Spule
aufmerksam,Späti
aufnahmefähig,Spätkauf
aufnehmen,Spätverkauf
aufnehmend,Stand
aufs Genaueste,Standfestigkeit
aufs Gewissenhafteste,Standhaftigkeit
aufs Sorgfältigste,Standort
aufspüren,Standpunkt
aufsuchen,Statement
auftafeln,Status
auftischen,Steg
auftragen,Steig
auftreten,Stein des Anstoßes
aufwerten,Stelle
augenfällig,Stellung
aus Passion,Stellungnahme
aus sein auf,Stereotyp
ausarbeiten,Stiefmutter
ausbeuten,Stimulans
ausbilden,Stoff
ausdauernd,Stofftaschentuch
ausforschen,Stolz
ausführbar,Strapaze
ausgefallen,Strecke
ausgeglichen,Strickmuster
ausgelassen,Struktur
ausgeprägt,Sträßchen
ausgeschrieben (Stelle),Stufe
ausgesprochen,Stätte
ausgewogen,Stücker (+ Zahl)
ausgewuchtet,Subjekt
ausgezeichnet,Sujet (künstlerisch)
ausgiebig,System
aushalten,Tagesgeschäft
auskundschaften,Tagewerk
ausnutzen,Takt
ausnützen,Taschentuch
ausprobieren,Tatsache
ausprägen,Tempo
ausschlachten,Tempotaschentuch
ausspähen,Tendenz steigend (als Nachsatz)
ausstehen,Test
austesten,Thema
"ausüben (Option, Stimmrecht, Vorkaufsrecht)","Thema (Forum, Newsgroup)"
autorisieren,Themenbereich
außerdem,Themenkreis
außergewöhnlich,Themenstrang
außerordentlich,Therapie
avanti!,Therapien
babyeinfach,"Thread (Forum, Newsgroup)"
babyleicht,Tischordnung
banal,Tonfigur
beachten,Trajektorie
beanspruchen,Traktat
beantworten,Trampelpfad
bedacht,Tretmühle
bedanken,Trinkhalle
bedenken,Tritt fassen
bedeuten,Trommel
bedingen,Trott
bedürfen,Tun
befahrbar,Tun und Lassen
befasst sein (mit) (Verwaltungsdeutsch),Turnus
begegnen,Twiete
begehbar,Typ
begeistert (leidenschaftlich),Tätigkeit
begierig,Umfeld
begleiten,Umgang
begleitet,Umgebung
beglückt,Umkehr
begnadet,Umschlag
begriffen,Umschwung
begünstigen,Umstand
behalten,Umstellung
behandeln,Umstände (machen)
beherbergen,Umstände machen(d)
beherzigen,Unabdingbarkeit
behutsam,Uneinigkeit
behäbig,Ungereimtheit(en)
behänd(e),Unsicherheiten
bei der Sache,Unstimmigkeit(en)
beibehalten,Unterricht
beieinander,Unterrichtung
beim Schopf(e) ergreifen,Untersagung
"beim Schopf(e) packen (Gelegenheit, Chance)",Unterschied
beinhalten,Unterschuss
beisammen,Untersuchungsergebnis
beispiellos,Unvereinbarkeit
bejahen,Ursache
bejahend,Urteil
bekannt,Verabredung
bekommen,Veranlagung
benehmen,Veranlassung
benutzen,Verbannung
benötigen,Verbindung
benützen,Verbot
beobachtbar,Verdammung
bequem,Verdienst
bereden,Verdienste
bereichern,Vereinbarung
bereithalten,Verfassung
bereitstellen,Verfemung
bereitwillig,Verfolg
bergen,Verhalten
berückend,Verhaltensweise
berücksichtigen,Verhältnis
beschulen,Verkaufsstand
beschwingt,Verkaufsstelle
besichtigen,Verkehrung
besonderes Potential,Verkehrung ins Gegenteil
besonders,Verknüpfung
besonnen,Verlangen
besprechen,Verlauf
bestens,"Verlauf (PC, IT)"
bester Laune,Verlaufskontrolle
bestrebt sein,Verlaufsprotokoll
beständig,Verlust
bestätigend,Verlustgeschäft
besuchen,Verpflichtung
beteiligt (sein an etwas),Verschiedenheit
betretbar,Version
betreuen,Versionsgeschichte
betriebsam,Versteckspiel
bewahren,Verständigung
beweisbar,Versuch
bewerten,Vertrauen
bewilligen,Vertrauensperson
beziehen,Vertreter
beziffern (auf),Verwalter
bieten,Vizemutter
bilden,Vorausnahme
bimsen,Voraussetzung
bis ins letzte Detail,Vorbehalt
bis zur (aller)letzten Kleinigkeit,Vorbehalte
bitter(-) (nur in speziellen Kontexten),Vorbild
blank,Voreingenommenheit
bleibend,Vorfahrt haben
bleibt dahingestellt,Vorfall
bloß,Vorgabe
brauchen,Vorgang
brennend,Vorgehen
brillant,Vorkommnis
brüderlich,Vorlage
bumsfidel,Vormund
bunt,Vornehmheit
bäumig,Vorsorge treffen
büffeln,Vorurteil
büffeln (für),Vorüberlegung anstellen
charmant,Votum
checken,Walze
chemische Reaktion,Ware
cholerisch,Wasserhäuschen
chronisch,Wechselbeziehung
d'accord,Weg
da sage ich nicht nein,Wegstrecke
da sagst du was!,Weihe
dabei,Weile
"dafür sorgen, dass Geld reinkommt",Wende
dalli,Wendung
daneben,Werk
danken,Wermutstropfen
darauf aus sein (zu),Wert
darf,Werte
darf begegnen,Wesensmerkmal
darf dazugehören,Wesenszug
darstellen,Widerrede
darüber hinaus,Widerspruch
das ist ein Wort!,Widersprüchlichkeit(en)
dass es eine (rechte) Freude ist,Wiederaufflammung
dass es nur so (...),Wiederauftauchen
dauer...,Wiederholung
dauerhaft,Wirkung
dazu,Wirkursache
definitiv!,Wohl
"dein Wille geschehe (biblisch, veraltet, auch ironisch)",Wohlbefinden
den Hut vor (etwas) ziehen,Wohlbehagen
den Regeln entsprechend,Wohlergehen
den Weg frei machen,Wohlfühlen
den Weg freimachen,Wohlgefühl
denkbar,Wohlsein
denkbar (+ Adjektiv),Wort für Wort
denken,Wortzwischenraum
denken (an),Wunsch
deployen,Wurfparabel
der Grammatik gemäß,Zahlung
des Weiteren,Zeichnung
deutlich,Zeit
deutlich erkennbar,Zeitabschnitt
deutlich sichtbar,Zeitabstand
dezent,Zeitdauer
dichotom,Zeitdifferenz
dichotomisch,Zeitintervall
dick und fett (anschreiben / ankreuzen),Zeitlang
die Bedürfnisse (von ...) berücksichtigen(d),Zeitmaß
die Interessen beider Seiten berücksichtigend,Zeitrahmen
die Möglichkeit besteht,Zeitraum
die Probe aufs Exempel machen,Zeitspanne
dienlich,Ziehmutter
differierend,Ziel (von)
diplomatisch,Ziele
direkt,Zielsetzung
diskret,Zielstellung
diskutieren,Zielvorgabe
distanziert,Zielvorstellung
divergent,Zivilcourage
divers,Zucht
dominant,Zug
doppeldeutig,Zukunftserwartung
doppelsinnig,Zusammengehörigkeit
doppelt,Zusammenhalt
doppelwertig,Zusammenhang
dramatisch (journal.),Zustand
drin,Zustimmung
du kriegst die Motten! (Ausruf),Zutrauen
du sagst es!,Zuversicht
durchaus,Zweck
durchdringend,Zweifel
durchführbar,Zwischenfall
durchfüttern,Zylinder
durchschaubar,Zügigkeit
durchschaut,abbilden
durchscheinend,abblasen
durchsichtig,abfrühstücken
durchsprechen,abgefrühstückt
durchstehen,abgehakt
durchstöbern,abgehauen
ebenso,abgerechnet
ehren,abgesagt werden
eierköpfig,abgeschlossen
eifrig dabei sein,abgesehen von
eigen,abgespeckt
eigenartig,abgetan
eigene Normalität,abgezogen
eigentümlich,abgängig
eilends,abhaken
eilig,abhanden gekommen
ein Gedicht (emphatisch),abholzen
ein Herz und eine Seele,abhängig (von)
ein Leichtes (sein),ablehnend
ein Mädchen,abmildern
ein Teil von,abnorm
ein gemachter Mann (sein),abnorme Beziehungsmuster
ein wenig mehr (als),absagen
einbauen,absagen (Termin)
einbehalten,abschließen
einberechnen,absent
einbeziehen,absolvieren
eine Visite abstatten,absägen
eine breite Palette an,abverkauft
eine große Auswahl an,abwechslungsreich
einen Besuch abstatten,abweisend (Person)
einen Zahn haben (auf),abwesend
einfach,abwickeln
einfach behaupten,abzgl.
einfach drauflos,abzüglich
einfach nicht aufhören (zu),achtkantig rauswerfen
einfach weiter,ad acta legen
einfügen,adjazieren
eingehen (auf),advers
eingehen auf,adversativ
"eingehen auf (Angebot, Vorschlag, Bedingungen)",aggressiv
eingehend,aggressiv (Flüssigkeit)
eingeschaltet,agieren
eingliedern,"agitieren (für, gegen)"
einhalten,akademische Arbeit
einhellig,akzentuiert
einig,akzeptieren
einige (+ Zahl),akzidentell
einkalkulieren,akzidentiell
einlassen,alle Kraft aufbieten
einmütig,alle Kräfte aufbieten
einordnen,alle Register ziehen
einpfropfen,allem Anschein nach
einplanen,allerhand
einpreisen,alles daransetzen
einrechnen,alleweil
eins a,allweil
einschlagen (Handgeste),allzeit
einschließen,alsbald
einsehen,altersgerecht
einsetzen,am Rande
einsilbig,am arbeiten sein
einsteigen auf,am besten gestern
einstimmig,ambivalent emotional
eintreten lassen,amtieren (als)
einträchtig,an erster Stelle
einvernehmlich,anders
einverstanden,anders als
einverständlich,andersartig
einwandfrei,anderswie
einwilligen,anfertigen
einwilligen (in),angelegentlich
einzigartig,angepisst
eklatant,angespannt
emotional,angestellt sein bei
emotionell,angestrengt
empfangen,angrenzen
empfangend,angriffslustig
empfehlenswert sein,ankommen auf (es)
empfänglich,ankündigen
empfänglich (für),anleiten
emsig,anlernen
en bloc,annehmen
energisch,annoncieren
eng,annähernd
engagiert,annäherungsweise
engagiert (sein in etwas),anordnen
engagiert (sein),ansagen
enorm,ansatzweise
entbieten,anscheinend
entdecken,anscheißen
entgegenbringen,anschwärzen
entgegenkommend,anstoßen
entgegennehmen,anstrengend
enthalten,antagonistisch
enthemmend,anti
enthusiastisch,antriebsarm
entlang,anweisen
entsprechen,apparent
entstehen,approximativ
entstehen (im weiteren Sinne),arbeiten
entwickeln,arbeiten (Holz)
erbaulich,arbeiten (als)
erdenklich,arbeiten (bei/in einem Unternehmen)
erdulden,arbeiten (gehen)
erfolgen,arbeiten kommen
erfolgreich,arbiträr
erfolgswahrscheinlich,arg
erfordern,atomares Ereignis
erfreulich,auf Linie
erfüllen,auf Sparflamme
ergehen,auf andere Art
ergiebig,auf andere Weise
"ergreifen (Gelegenheit, Chance)",auf dem Fuß folgend
ergötzlich,auf der Flucht
erhalten,auf der Grundlage der (aktuell) verfügbaren Informationen
erhebend,auf der Hand liegen
erheblich,auf der Stelle
erheischen,auf die Straße setzen
erheitert,auf gar keinen Fall
erkennbar,auf gut Glück
erkennen,auf keinen Fall
erlangen,auf und davon
erlauben,aufbauen
erledigen,aufbrausend
erlernen,auffallend
ermöglichen,auffiel
ermöglichen,auffliegen
ernst nehmen,auffällig
erproben,aufgebracht
erquicklich,aufgesetzt
erreichbar,aufgewühlt
ersichtlich,aufhören (mit)
ersprießlich,aufkrempeln
erstklassig,aufschlussreich
ertragen,aufstrecken
ertragreich,aufzeigen (Unterricht)
erträumen,aufzwingen
erwachsen (aus),augenblicklich
erwarten,augenfällig
erwartungsvoll,augenscheinlich
erwerben,aus dem Leben geschieden
erwidern (auf),aus dem Spiel
erwägen,aus einem Guss
erziehen,ausarbeiten
erörtern,ausdrücklich
es anlegen auf (es angelegt haben auf),ausfallen
es auf einen Versuch ankommen lassen,ausfragen
"es geschehe (mir) nach deinen Worten (biblisch, veraltet, auch ironisch)",ausführen
es sei!,ausführlich Zeit
es versuchen mit,ausgebüxt
eskortieren,ausgeflogen
eternisieren,ausgeflogen (spöttelnd)
etwaig,ausgegrenzt
etwas mehr (als),ausgemacht
etwas sagen,ausgenommen
etwas über,ausgeprägt
eventuell,ausgerissen
eventuell (vorhanden o.ä.),ausgeschlossen
exakt,ausgesprochen
extravertiert,ausgesucht
extrem,ausgiebig
extrovertiert,ausgleichend einwirken (auf)
exzellent,aushäusig
exzeptionell,ausnehmend
exzitabel,aussagekräftig
fabelhaft,ausschalten
fabulös,aussehen nach
facettenreich,auszehrend
fahnden,auszuhalten
familiär,auszuhalten (sein)
famos,ausüben (Funktion)
fanatisch,außen vor
fantastisch,außer
fassonieren,außer Haus
feenhaft,außerhalb des (...) Möglichen
fehlerfrei,bar
feilbieten,bar (einer Sache)
feilhalten,basal
fein,baumeln
fein säuberlich,bedeutend
ferner,bedeutsam
feste Beziehung,bedingt
festsetzen (auf),bedingt (durch)
feststellbar,beenden
fidel,beendigen
fieberhaft,befragen
fiebrig,befremdlich
finanziell unterstützen,begreiflich
finden,begrenzt
fix,begütigen
flagrant,beharrlich
flammend,beherrschen
flankieren,beherzigen
fleißig,behindernd
fleißig sein,behindert
flink,beim besten Willen nicht
flott,bekannt werden
flugs,bekanntgeben
formen,bekanntwerden
forschen,bekleiden (Amt)
fortfahren,belastet
fortführen,belegen
fortgeführt,belehrend
fortsetzen,beliebig
frank und frei,bemerkenswert
frei,bemängelt
frei heraus,bemühen
frei zugänglich,bemüht
frei zum Munde heraus (ironisch altertümelnd),benehmen
freilich,benötigend
freimütig,berichten
frequentieren,beruhigen
freudetrunken,beruhigend einwirken (auf)
freudig,beschafft
freudig erregt,beschließen
freundlich,beschränkt
freundlich (Wetter),beschwerlich
freundliches Ersuchen,beschwichtigen
friedfertig,beschäftigt sein bei
friedlich,besiegeln
friedliche Zuversicht,besiegen
friedliebend,besinnungslos
"frisch, fromm, fröhlich, frei",besorgen
froh gelaunt,besorgt
frohen Mutes,besprochen
frohgemut,bestimmen
fruchtbar,bestimmt
fruchtbringend,bestrebt
fröhlich,bestrebt sein
fröhlich (weiter),beständig
fröhlicher,besänftigen
fuchsteufelswild,betont
fulminant,betreut
furchtbar,betriebsam
furibund,beträchtlich
förderlich,betulich
fördern,betäubt
für (eine) lange Zeit,bewegungslos
für (eine) längere Zeit,bewerkstelligen
für einen langen Zeitraum,bewusst
für einen längeren Zeitraum,bewusstlos
für jemanden da sein,bezeichnend
für länger,bis auf
für sein Leben gern,blank
für seine Zwecke nutzen,blind
für sich nutzen,blindlings
fürbass,bloß
fürchterlich,blöd (ärgerlich)
fürsorglich,boshaft
galant,bremsend
gang und gäbe,bösartig
gangbar,böse
ganz,ca.
ganz einfach,canceln
ganz große Klasse,charakteristisch
ganz großes Kino,cholerisch
ganz leicht,circa
ganz normal,consilium abeundi
geben,contra
gebieten,da kannst du lange drauf warten
gebrauchen,da könnte ja jeder kommen (und ...)!
gebunden,da musst du früher aufstehen!
gedeihlich,dagegen
geduldig,dahin
gefreut,dahingegangen
gefällig,dahingeschieden
gefördert,darauf aus sein (zu)
gefühlsmäßig,daraus wird nichts
gegeben sei (dass),daraus wird nix
gegebenenfalls (auftretend o.ä.),das kannst du dir abschminken
geglättet,das letzte Wort haben
gehemmt,dass es nur so (...)
geht klar,dazwischengehen
geil (jugendsprachlich),dazwischentreten
geistig anspruchsvoll,de rigueur
geistige Ressourcen,deeskalieren
gelassen,dem Augenschein nach
gelungen,dem äußeren Anschein nach zu urteilen
geläufig,demonstrativ
gemeinsam,den Arsch hochkriegen
gemeinsam (haben),denk nicht mal dran!
gemeinsam spielen,denkbar knapp
gemeinsames Gespräch,denkrichtig
gemeinschaftlich,denkste
gemischt,denunzieren
genau,der tiefere Sinn
genehmigt!,deutlich
geneigt,deutlich ambivalent
genervt,deutlich erkennbar
genial,deutlich sichtbar
gerade,dezent
geradeheraus,dick und fett (anschreiben / ankreuzen)
geringfügig,dicke Bretter bohren müssen
gern,differierend
gerne,diktieren
gerne hören,direkt
geruhsam,direktemang
geschehen,diskret
gescheit,diskussionsunwürdig
geschenkt,disruptiv
geschlossen,distanziert
geschwind,divergent
geschäftig,divers
gesellig,dramatisch
gesellschaftlich,dramatisch (journal.)
gesetzt den Fall,draufgegangen (bei)
gespannt,draußen
gespannt wie ein Flitzebogen,draußen geblieben
gesprächsbereit,dringend
gestalten,dringlich
gestatten,dumm (ärgerlich)
gesundbeten,durch
getraut,durchaus
gewaltfrei,durchdringend
gewaltlos,durcheinandergehend
gewinnbringend,durchführen
gewiss,durchgeben
gewissenhaft,durchgebrannt
gewohnt,durchgehend
gewähren,durchgängig
geöffnet,durchsagen
glasartig,durchscheinend
glasig,durchsetzen
glauben,durchsichtig
gleichförmig,durchsickern
gleichgesinnt,durchweg
gleichmäßig,durchwegs
gleichzusetzen sein (mit),durchziehen
glimpflich,dösig
glänzend,dünnhäutig
glücklich,edukativ
glühend,eher
goldrichtig,eifrig dabei sein
gradheraus,ein gerüttelt Maß
grammatikalisch korrekt,einarbeiten
grammatikkonform,einbegleiten
grammatisch,eindeutig
grandios,eine gehörige Portion
grantig,einen Hals haben
greifen zu,einen Schlussstrich ziehen
grenzenlos,einer geregelten Arbeit nachgehen
großartig,einfach
großen Respekt vor (etwas) erweisen,einfache Aktivitätsstörung
gruppenweise,einfassen
gut,eingeengt
gut,eingehend
gut (vor Maßen u. Zahlen),eingeschnappt
gut aufgelegt,eingeschränkt
gut drauf,eingreifen
gut gelaunt,eingängig
gut möglich,einhalten
gut tun,einheitlich
gute,einleiten
gute Dienste leisten,einleuchtend
gute Gründe,einrichten
gute Neuigkeiten,eins-zu-eins
gute Verbindung,einschreiten
gute Zusammenarbeit,einsichtig
guter Dinge,einsichtsvoll
guter Umgang,eintreten für
gutgelaunt,einweisen
gutmütig,eisern
gutmütig (z.B. Pferd),eisig
guttun,eklatant
gäbig,elementar
gängig,eminent
günstig,empfindlich
gütig,emphatisch
gütlich,empört
haargenau,emsig
haben müssen,energielos
halten für,energisch
hammergeil (Jugendsprache),engagiert (sein)
handeln,enorm
handelnd,entfallen
handhaben,entfleucht
harmlos,entflohen
harmonisch,entgegen
hartnäckig,entgegengesetzt
heftig,entkommen
heiter,entlassen
heiß und innig (lieben),entscheiden
helfen,entscheidend
helfende Hand,entschieden
herausragend,entschwunden
hereinkommen lassen,entschärfen
herrlich,entwerfen
herumexperimentieren,erbittert
hervorragend,erbost
hervorstechend,erfüllen
hervortreten,erheblich
herzensgut,erhellend
herzerfrischend,erkennbar
herzerquicklich,erklärlich
herzlich,erklärtermaßen
hierneben,erledigen
hilfreich,erledigt
himmelsgleich,erläutert
himmlisch,ermattet
hineinschnuppern,ernst
hingebungsvoll,ernst nehmen
hinreißend,ernst zu nehmen
hinstellen,ernstlich
hitzköpfig,ersatzlos gestrichen werden
hoch schätzen,erschöpft
hochgeistig,ersichtlich
hochgradig,erst einmal
hochhalten,erstaunlich
hoffnungslos,erstmal
hohes Gut,erworben
hopp hopp!,erzürnt
hopphopp,es heißt
humorig,es verwundert nicht (dass/wenn)
humoristisch,essentiell
humorvoll,essenziell
hundertprozentig!,essigsauer
hungrige Mäuler stopfen,etablieren
hurtig,etwa
hyalin,etwas Dummes
hypothetisch,etwas dicke haben
häufig besuchen,evident
häufig unser Gast sein,evident (sein)
häufiger Gast sein,exklusive
höchlichst,explizit
höchstrangig,expressis verbis
höflich,exzitabel
i. a.,fahren
ich bin jahrelang ... gewesen,fassbar
ich nehme dich beim Wort!,fasslich
idiosynkratisch,fern
im Besonderen,fertig
im Blick behalten,fertig geworden
im Doppel,fertig stellen
im Einklang,fertig werden (mit)
im Gleichgewicht,fertiggestellt
im Gleichklang,fertigstellen
im Hinterkopf behalten,feste Einrichtung
im Interesse,festgelegt
im Lot,festgesetzt
im Nu,festigt
im Sollbereich,festlegen
im Speziellen,feststehend
im grünen Bereich,feuern
im guten Sinne,finalisieren
im Übrigen,flachfallen
immer munter,flagrant
impulsiv,fleißig
in Anschlag bringen,fleißig sein
in Anspruch nehmen,flöten
in Balance,flöten gegangen
in Begleitung (von),flüchtig
in Betracht ziehen,folgenschwer
in Betrieb,folgerecht
in Bewegung,folgerichtig
in Empfang nehmen,forciert
in Erscheinung treten,formell
in Erwägung ziehen,formgerecht
in Gebrauch nehmen,forsch
in Ordnung,fort
in Rechnung stellen,fortdauernd
in Sonderheit,fortlaufend
in Stimmung,fortwährend
in Summe,frei
in Verwahrung nehmen,frei heraus
in Worten und Taten (beistehen),frei wählbar
in Zweierkombination,freilich
in aller Offenheit,freimütig
in anderen Angelegenheiten,freisetzen
in anderer Weise,freistellen
"in dem Wahn leben, dass",fristlos
in der Ausschreibung,frontal
in der Kalkulation berücksichtigen,frostig (Atmosphäre)
in der Nähe,fuchsteufelswild
in die Bücher gucken,fuchtig
in die Bücher schauen,fundamental
in die Hand nehmen,funktionieren
in die Nase stechen(d),furibund
in einem Arbeitsgang,futsch
in einem Aufwasch,futschikato
in einem Betrag,fällen
in einem Durchgang,fühlbar
in einem Durchlauf,für sich (selbst) aufkommen
in einem Gang,fürwahr
in einem Rutsch,gallig
in einem Zug,ganz klar
in einem durch,gebührend
in einer Summe,gecancelt werden
in einer gemeinsamen Anstrengung,gedacht
in festen Händen,gedanklich
in geschlossener Formation,"gedämpft (Freude, Applaus)"
in gespannter Erwartung,gefallen
in greifbare Nähe rücken,geflohen
in holder Eintracht,geflüchtet
in höchstem Maße,gefühlt (relativ neu)
in jemandes Fußstapfen treten,gegen
in kurzer Frist,gegen alle Widerstände
in kurzer Zeit,gegenläufig
in lebhafter Fortbewegungsweise,gegenseitiges Einvernehmen
in sich bergen,gegensätzlich
in sich gekehrt,gegenteilig
in sich uneins,gegenwärtig
in sich widersprüchlich,gegenwärtige
inkludieren,gegenüber
inkomparabel,gegessen
innert Kürze,gegnerisch
innewohnen,gehaltvoll
innig,gehandicapt
ins Auge fallend,gehandikapt
ins Auge stechend,gehimmelt
insbesondere,geholt
insgesamt,geht zu weit
instrumentalisieren,gehässig
integrieren,gehäuft
intellektuell,gehört in jeden (gut sortierten ...)
intellektuell brillant,geistig
intensiv,gekauft
inter alia,geklärt
interessiert,gekoppelt
interpersonell,gekoppelt (mit)
intim,geladen
intime Beziehung,gemacht
introvertiert,gemein
involvieren,gemäßigt
ist angekommen,genervt
ist gut!,gepaart (mit)
ist recht!,gerade
ja,gerade eben
ja genau,gerade mal
janusköpfig,gerade noch
jeder Idiot kann das,geradeaus
jedes Kind kann das,geradeheraus
jemanden traktieren mit,geradewegs
jähzornig,geradezu
kahl,geradezus
kalorienreduziert,geradlinig
kandidieren,geregelt
kann (schon) sein,geräumt (Lager)
kann (sein),geschafft haben
kann doch sein?,geschätzt
kann gut sein,gesetzlicher Vertreter
kann ja (vielleicht) sein,gestorben
kann man so (auf Deutsch) sagen,gestrichen werden
kann man so oder so verstehen,gesucht
kann vorkommen,getan
kapieren,getreu
kapiert,getürmt
kaum mehr (als),gewahr
kein Hexenwerk,gewerkschaftlich organisiert
kein leichter Prozess,gewichtig
keine Hexerei,gewollt und nicht gekonnt
keine Kunst (sein),giftig
kinderleicht,glasartig
klaglos,glasig
klar,glasklar
klar und deutlich,glatt
klasse,glattweg
klug,glattwegs
klären,glaubhaft
klärungsbedürftig,gleichbleibend
knapp über,gleichmäßig
kollektiv,grad mal
kommen,grade mal
kommen zu (es),gradheraus
kompakt,gradweg
konsentieren,grantig
konservieren,gravierend
konstruktiv,greifen (lassen)
kontaktarm,grenzen
kontaktfreudig,grenzen (an)
kontaktscheu,grob (geschätzt)
kontinuieren,grob gesagt
konzentriert,groß
konziliant,großgeschrieben werden
kopfgesteuert,grundlegend
kopfig,größer sein (als)
kopflastig,größtenteils
korrekt,gründen
korrektes Deutsch,gut zureden
kredenzen,halbherzig
kreditwürdig,handeln
kregel,hapern mit (es)
kriegen,hart
kritisch,harte Nuss
kritisch bewerten,hartnäckig
kräftig,hat sich abgesetzt
kräftig (Farbe),hat sich der Strafverfolgung entzogen
kurz ab,hat sich verflüchtigt
kurz angebunden,hat uns verlassen
kurzfristig,hauchdünn
kurzzeitig,hauptsächlich
könnte nicht (Komparativ) sein,haushoch
körperliche Nähe,heftig
körperliche Unversehrtheit,heiter
kümmern,hektisches Gebaren
künstlich am Leben halten,hell
lagern,heranführen (an)
langanhaltend,herauskommen
lange,herausragend
lange Zeit,herrschen
langfristig,herstellen
langwierig,hervorgehoben
lassen,hervorstechend
lau,hin- und herpendeln
launig,hin- und herschwingen
leben und leben lassen,hin- und herwedeln
lebendig,hinderlich
lebenskräftig,hindernd
lebhaft,hindeuten (auf)
lebhaft (Farbe),hinfällig werden
legalisieren,hingehen
legendenhaft,hinüber
leicht,hitzig
leicht erregbar,hitzköpfig
leicht verständlich,hoch im Kurs stehen
leicht über,hochkant(ig) rauswerfen
leichtgewichtig,hochkrempeln
leidenschaftlich,hochschlagen
leise,hops
leistbar,hundemüde
lernen,hundertprozentig
lernen (für),hyalin
leuchtend (Farbe),ich könnte mir vorstellen (dass ...)
leutselig,ideell
liebenswürdig,im Dienst stehen bei
light,im Gegensatz zu
live dabei (gewesen) sein,im Hintergrund stehen
lizenzieren,im Koma
lobend,im Kontrast zu
locker,im Krankenhaus
lohnend,im Unterschied zu
los (los)!,im Vergleich zu
lustig,im Vordergrund stehen(d)
lustig (weiter...),im Weg sein
längerfristig,im hohen Bogen rauswerfen
lösbar,imaginär
lösend,immateriell
machbar,immens
machen wir!,immer
mag (sein),immer (+ Komparativ)
magnifik,immer locker
man riskiert nicht viel (wenn man sagt),immer mehr
mancherlei,immer munter
manierlich,immer nur
mannigfach,immer und ewig
mannigfaltig,immer wieder
markant,immer öfter
massiv,immerdar
maulfaul,immerfort
megacool,immerwährend
mehr als,impulsiv
mehrdeutig,in Anspruch nehmen
meinen,in Brast
menschlich,in Ermangelung (von)
menschliche Regung,in Opposition zu
mental,in Ordnung bringen
mild,in Rage
minutiös,in Vorausschau handeln
minuziös,in Zeit und Ewigkeit
mirakelhaft,in aller Deutlichkeit
mirakulös,in aller Form
mit (viel) Herzblut,in aller Offenheit
mit Freude,in anderer Weise
mit Hingabe,in den Blick nehmen
mit Karacho,in der Hauptsache
mit Leib und Seele (dabei),in der Lage
mit Lust und Liebe,in der Tat
mit Rat und Tat (unterstützen),in die Hand nehmen
mit Schmackes,in einem überschaubaren Rahmen
mit Vergnügen,in erster Linie
mit Wärme,in etwa
mit anderem,in gleichen Abständen
mit anderen Dingen,in großem Umfang
mit dem kleinen Finger,in heiligem Zorn
mit der ganzen Korona,in sich gekehrt
mit drin hängen,in trockenen Tüchern
mit einbeziehen,in zunehmendem Maß
mit einem (guten) Ergebnis,in überschaubarem Rahmen
mit einem Wuppdich,inakzeptabel
mit ganzer Seele,indigniert
mit großem Einsatz,indiskutabel
mit jemandem Rücksprache halten,indispensabel
mit vereinten Kräften,inert
mit viel Engagement,informativ
mit wenig Kalorien,informierend
mit zweifacher Bedeutung,inhaltliche Ausrichtung
mit äußerster Sorgfalt,inkomparabel
mitbringen,"innehaben (Position, Funktion)"
miteinander,innere Haltung
mitkommen,innerlich
mitsammen,inquirieren
mopsfidel,ins Auge fallend
multiperspektivisch,ins Auge fassen
munter,ins Auge stechend
munter (weiter...),ins Gewicht fallen(d)
mutmaßen,ins Gewicht fallend
mächtig,ins Leben rufen
märchenhaft,ins Wasser fallen
möchten,insbesondere
"mögen (fälschlich ""möchten"")",insgesamt weigehend positiv
möglich,instantan
möglich (sein),instruieren
möglich machen,insuffizient
möglicher,intelligibel
möglicherweise (auftretend o.ä.),intensiv
mühelos,interessant
nach außen gerichtet,intervenieren
nach innen gekehrt,intolerabel
nach vorn,introvertiert
nachhaltig,invariabel
nachschlagen,invariant
nachspüren,irritierend
nachweisbar,ist nicht
nackt,jede Menge
nah,jederzeit
nahe,junge Dame
nahe Umgebung,junge Frau
nahe daran,jähzornig
nahebei,kann nicht angenommen werden
namentlich,kategorisch
nan,kaum
nan,kein
nan,kein Gedanke
nan,kein Wunder (sein)
nan,keine
nan,keine (+ Zahl)
nan,keine Kleinigkeit (sein)
nan,keine Spur
nan,keinen Zweifel lassen (an)
nan,keiner Diskussion würdig
nan,keinerlei
nan,keines Beweises bedürfen
nan,keineswegs
nan,klar
nan,klar und deutlich
nan,klar und unmissverständlich
nan,klar wie Kloßbrühe
nan,klar wie Klärchen
nan,klar zutage liegen
nan,klare Reaktion
nan,kleines Mädchen
nan,klipp und klar
nan,klären
nan,knapp
nan,kognitiv
natürlich,kohärent
nebeneinander,komatös
nehmen,kommt (überhaupt) nicht in Frage
"nehmen wir an, dass",kommt nicht in die Tüte
nett,kompromisslos
neugierig,konsequent
nicht abgeneigt,konsistent
nicht abgeschlossen,konstant
nicht abgesperrt,konstituieren
nicht allein,konstruiert
nicht allzu viel dazu gehören (zu),kontinuierlich
nicht ausbleiben,kontra
nicht ausgeschlossen,kontraindiziert (med.)
nicht besetzt,kontraproduktiv
nicht entschieden,kontrastiv
nicht erreichbar,konträr (zu)
nicht gesprächig,kraftraubend
nicht gesteigerte Form,kraftzehrend
nicht kaputt zu kriegen,kräftezehrend
nicht links liegen lassen,kräftig
nicht mehr der Alte (sein),kumulativ
nicht mehr die Alte (sein),"kämpfen (für, um)"
nicht mehr frei,körperlos
nicht mehr zu haben,kühl
nicht mitteilsam,künden
nicht nur für (ein paar Tage),künstlich
nicht ohne,lebensmüde
nicht ungrammatisch,lebensüberdrüssig
nicht untätig sein,lehrreich
nicht vergessen dürfen,leicht erregbar
nicht verstreichen lassen,leidig
nicht viele Worte machen,leise
nicht wegschmeißen,leisten
nicht wegwerfen,leuchtet ein
nicht wiederzuerkennen (sein),lichtvoll
nicht zu fassen,limitiert
nicht zu toppen,linientreu
nicht zu übersehen,logisch
nicht zugeschlossen,lukulent
nicht zugesperrt,lustig (weiter)
nicht zuletzt,lässt niemanden an sich heran
nichts dabei sein,lästig
nichts leichter als das!,machbarkeitsorientiert
nie allein,managen
nie ohne,mangelhaft
no na,mangels
notorisch,manifest
nutzbringend,markant
nutzen,massiv
"nutzen (Chance, Gelegenheit)",matt
nutzwertig,mattsetzen
nötig haben,mausetot
nützen,maßgeblich
nützlich,maßvoll
o. k.,medikamentös
obendrein,medizinische Versorgung
obligatorisch,mehr oder weniger
offen,mehr und mehr
offen stehend,mehrgipflig
offenherzig,melden
offenkundig,menschenscheu
offensichtlich,mental
offerieren,merklich
oft kommen,methylphinidad
ohne Beispiel,mimosenhaft
ohne Gewalt,minus
ohne Hemmung,misslich
ohne Hindernisse,mit (großer) Bestimmtheit
ohne Probleme,mit Aufnahme im Krankenhaus
ohne Schwierigkeiten,mit Augenmaß
ohne Unterbrechung,mit Ausnahme von
ohne abzusetzen,mit Nachdruck
ohne großen Aufwand,mit Nichten und mit Neffen (Kalauer)
ohne weiteres,mit Stand von
okey-dokey,mit Weitblick handeln
opportun,mit den Händen zu greifen
ordnungsgemäß,mit der Gießkanne (verteilen)
ordnungsmäßig,mit ganzem Herzen dabei sein
originell,mit genau den Worten
paarweise,mit jemandem ist es aus
pari,mit seiner Geduld am Ende sein
passieren,mit steigender Tendenz
passioniert,mit vollem Einsatz
pauken,mit wachsendem (...)
pauken (für),mit wachsender (...)
pazifistisch,mit weiser Voraussicht handeln
peinlich genau,mit zunehmendem (...)
penetrant,mit zunehmender (...)
penibel,mitnichten
permanent,moderat
persistent,multimodal
pflegerisch,multimodales Behandlungssetting
phantastisch,musikalisches Thema
phänomenal,muss man haben
pille-palle,mächtig
plain vanilla,mäßig
plus,möglicherweise
pläsierlich,müde
positiv,mühevoll
positiver Aspekt,mühsam
positives Denken,mühselig
primitiv,mütterlich besorgt
primäre Bezugsperson,naa
pro...,nach allem Anschein
probieren,nach außen dringen
problemlos,nach dem Berichtsstand von
produktiv,nach dem Zufallsprinzip
progressiv,nach den Gesetzen der Logik unmöglich
prächtig,nach innen gekehrt
prägen,nachdrücklich
prägnant,nachgerade
präzis,nachvollziehbar
präzise,nachvollziehbar (sein)
putzmunter,nachzuvollziehen
quicklebendig,nackt
quietschfidel,naheliegen
quietschlebendig,naheliegend
quirlig,narkotisiert
quitt,nee
rapid,negativ
rapide,negativ wirkend
rasch,negative Seite
rasend,nein
rational,nervend
ratsam erscheinen,nervig
reagieren,nicht (mehr) wegzudenken
reagieren (auf etwas),nicht abkömmlich
reagieren (auf),nicht akzeptabel
realisierbar,nicht auffindbar
realistisch (Schilderung),nicht aufzufinden
realitätsnah,nicht ausreichend
recherchieren,nicht bei Bewusstsein
rechtlich einwandfrei,nicht bei sich
reden,nicht berücksichtigt (werden)
reden über,nicht beteiligt
redescheu,nicht da
rege,nicht dabei
regelgerecht,nicht daheim
regelkonform,nicht den Erwartungen entsprechen
regeln,nicht doch!
reger,nicht ein
reibungslos,nicht einbezogen
reichhaltig,nicht eingeweiht
reizbar,nicht erreichbar
reserviert,nicht ersetzbar
respektieren,nicht erwünscht
ressourcenschonend,nicht genug
rettender Engel,nicht gerechnet
rettungslos,nicht haltbar
rezensieren,nicht hinnehmbar
rezeptiv,nicht hinzunehmen
richtig,nicht im Bereich des Möglichen
roger!,nicht im Entferntesten
ruhig,nicht im Geringsten
rundheraus,nicht in Ordnung
rückhaltlos,nicht inbegriffen
rücksichtsvoll,nicht länger im Angebot
rührig,nicht mal
sachdienlich,nicht mehr als
sagen,nicht mehr am Lager (kaufm.)
sagenhaft,nicht mehr am Markt (kaufm.)
sagt man (auf Deutsch) so,nicht mehr da
salonfähig,nicht mehr erhältlich
sanft,nicht mehr nötig sein
sanguin,nicht mehr sein
sanktionieren,nicht mehr unter den Lebenden
satt (Farbe),nicht mehr unter uns (weilen)
sattsam bekannt,nicht mehr vorrätig
sauber,nicht mehr zu haben
saugeil (jugendsprachlich),nicht mit mir!
schaffbar,nicht mit von der Partie
schaffig,nicht mitgerechnet
schafft,nicht mitteilsam
scharf,nicht möglich
scharf (nachdenken),nicht ratsam
schelmisch,nicht schweigend dasitzen
scherzhaft,nicht stattfinden
scheu,nicht stofflich
schicklich,nicht tragbar
schien,nicht von der Hand zu weisen
schillernd (Person),nicht vorstellbar
schlankweg,nicht weglassbar
schleierhaft,nicht wünschen
schleunig,nicht wünschenswert
schmallippig (reagieren),nicht zu Hause
schnafte,nicht zu entbehren
schneefrei,nicht zu ersetzen
schnell,nicht zu finden
schon klar,nicht zu unterschätzen
schon überredet!,nicht zu vernachlässigen (sein)
schonend,nicht zu überhören
schonungslos,nicht zu übersehen
schrecklich,nicht zustande kommen
schulen,nichts da
schwach,niemandem zuzumuten
schwer,nix da
schwer durchschaubar,noetisch
schwere Kost,null
schätzen,nur (vor Zahl)
schön,nur konsequent (sein)
schüchtern,nur teilweise
seelenruhig,nur vorgestellt
seelisch,nä
sehen,näherungsweise
sehr (Gradadverb vor Adjektiven),nö
sehr (vor Adjektiv oder Adverb),nüchtern
sehr (vor Verben oder Partizipien 2),oben auf der Prioritätenliste (stehen)
sehr achten,oberstes Gebot (sein)
sehr genau,obligatorisch
sehr gespannt,offen
sehr schätzen,offen gezeigt
sehr wohl,offen zutage liegen
sein,offenbar
sein Glück versuchen,offene Gegnerschaft
seine Richtigkeit haben (mit),offenherzig
selbstredend,offenkundig
selbstunsicher (psychol.),offenlassen
selbstverfreilich,offensichtlich
selbstverständlich,offensichtlich (sein)
servieren,offensiv
sexuelle Beziehung,ohne
siamesische Zwillinge,ohne (...)
sich ins Zeug legen,ohne Besinnung
sich vordrängen(d),ohne Bewusstsein
sicher,ohne Einbezug von
sicherlich,ohne Frage
sicherstellen,ohne Orientierung
sichtbar,ohne Richtung
sichtbar werden,ohne Umweg
siegreich,ohne Umwege
simpel,ohne Unterbrechung
sinnig,ohne Zeitverzug
sinnliche Wahrnehmung,ohne die (sonst) üblichen Formalitäten
sinnvoll,ohne große Formalitäten
skeptisch,ohne große Umstände
skrupulös,ohne jeden Zweifel
so (Adjektiv) wie (überhaupt nur) vorstellbar,ohne schmückendes Beiwerk
so (Adjektiv) wie möglich,ohnmächtig
so einfach wie eins und eins ist zwei,oppositionell
so machen wir's!,oppositiv
so sei es!,ordentlich was
soll vorkommen,organisiert
sonnig,orientierungslos
soziabel,ortsfest
sozial,ortsgebunden
sozialisieren,ostentativ
sozialverträglich (ironisch-sarkastisch),oszillieren
spaßig,parametrisierte Kurve
speditiv,passieren
spekulieren,"passt auf, dass niemand ihm zu nahe kommt"
speziell,pendeln
spezifisch,penetrant
spielend (einfach),perdu
spielend einfach,perfekt
spieltherapeutisch,periodisch
splendid,perpetuell
sprachrichtig,perpetuierlich
sprechen,persistent
"sprechen (mit, über)",pflegerisch pädagogisch
sprechen über,pissig
springlebendig,planen
stark,planmäßig
steht im Raum,planvoll
steht zur Verfügung,platterdings
stimmt,"platzen (Geschäft, Hochzeit, Reise, Termin, Finanzierung ...)"
stimmt genau,plausibel
stoßen auf,plus/minus (Betrag)
strahlend (Farbe),postwendend
strategische Partnerschaft,powern
strebsam,pragmatisch
studieren,primär
ständig,prinzipiell
ständiger Begleiter,prominent
stöbern,prompt
störungsfrei,prononciert
subito,propagieren
suchen,prägnant
suchen (Streit / die Konfrontation),psychiatrisch
summa summarum,psychisch
super,psychobehandlung
superb,psychotherapeutisch
supereinfach,querbeet
symmetrisch,rahmen
sympathisch,ranklotzen
sündhaft,rapportieren
süperb,rasend
tadellos,rausgeflogen
taktisch,rauskommen
taktvoll,rausschmeißen
tatkräftig,rauswerfen
taxieren,reagieren
temperamentvoll,reaktive Bindungsstörung
testen,realisieren
theoretisch,reduziert
tief,regelmäßig
tief gehend,regeln
tiefgehend,reglementieren
tippen auf,regulieren
tobsüchtig,regulär
tolerieren,reif fürs Bett
toll,rein
top,rein logisch unmöglich
total,reinewegs
tragen,reinklotzen
transparent,reinweg
traumhaft,reinwegs
traut,reizbar
treffend,relativ
trefflich,relativ einfach
trial and error,relevant
triumphierend,reportieren
trivial,reproduzierbar
träumen (von),reservieren
tätig,reserviert
tüchtig,restriktiv
u. a.,retard
umfassen,roden
umgehend,ruchbar werden
umgänglich,ruhend
umschließen,ruhig
umstandslos,rund
umtriebig,rundheraus
umwerfend,rundweg
unabgelenkt,rücksichtsvoll
unabgeschlossen,sachbetont
unaufdringlich,sachlich
unauffällig,sanfter gestalten
unaufgeschlossen,sauer
unaufwändig,schaffen
unbeherrscht,schalten (technisch)
unbeschönigt,scharf
unbesetzt (Arbeitsplatz),schassen
unbestimmt,schaukeln
und,scheinbar
undurchsichtig,scheinen zu
uneindeutig,schier
unerklärlich,schlafbedürftig
unerwartet schnell,schlaftrunken
ungebrochen,schlagen
ungeduldig,schlagend
ungehalten,schlankweg
ungeheuer,schlankwegs
ungeklärt,schlauchend
ungelernte Arbeitskraft,schlecht
ungelernter Arbeiter,schlechterdings
ungelernter Arbeitnehmer,schlechtes Gewissen
ungelernter Beschäftigter,schlechthin
ungelernter Mitarbeiter,schlechtweg
ungelöst,schlechtwegs
ungemein,schleunigst
ungeniert,schlicht
ungeprüft voraussetzen,schlicht und einfach
ungeschützt,schlichtweg
ungetrübt,schlichtwegs
ungezügelt,schlimm
unglaublich,schläfrig
ungleich,schlägt schlagartig
ungleichartig,schlüssig
unklar,schmucklos
unkompliziert,schnell und unkompliziert
unkontrolliert,schnurstracks
unproblematisch,schnörkellos
unschwer,schonend
unsicher,schonungslos
unter Dampf stehend,schrecklich
unter Strom stehend,schriftliche Ausarbeitung
unter anderem,schulmeidend
"unter der Annahme, dass",schwach
unter der Haube,schwachbrüstig
unter einem Dach,schweißtreibend
unterhalten,schwer
unterm Strich,schwer wiegend
unterschiedlich,schwerpunktmäßig
unterstellen,schwerwiegend
unterstützen,schwingen
unterstützend,schätzungsweise
unumwunden,schüchtern
unverblümt,seelisch
unverdrossen,sehenswert
unvergleichlich,sehr
unverhohlen,sehr (vor Verben oder Partizipien 2)
unverhüllt,sehr knapp
unvermeidlich,sein Bestes geben
unverriegelt,seinen Lebensunterhalt (selbst) verdienen
unverschlossen,selbstmordgefährdet
unversperrt,selbstverletzend
unverstellt,selbstverständlich (sein)
unweit (von),selig (nachgestellt)
unzertrennlich,seligen Angedenkens (nachgestellt)
unzugänglich,seligen Gedenkens (nachgestellt)
unähnlich,sensibel
unüberschaubar,sich ins Zeug legen
unübersehbar,sichergestellt
unübertrefflich,sichergestellt schnell zu reagieren
unübertroffen,sichtlich
urbar,sickig
urst (ostdeutsch-jugendsprachlich),sie erhielt Therapie
vakant,signifikant
vehement,sinnfällig
verbinden,so (in) etwa
verbindlich,so circa
verbunden,so eine Krawatte haben (+ Geste)
verdammt,so einen Hals haben (+ Geste)
verehelicht,so gegen
vereint,so gerade eben (noch)
verewigen,"so gerne wie ich (etwas tun) würde, aber"
verfangen bei,so haben wir nicht gewettet!
verflixt,so um die
vergeben,so wie es aussieht
vergnügt,sofort
verhalten,sogleich
verheiratet,sollte man haben
verifizierbar,sonder
verklemmt,sonnenklar
verknusen,sonst wo
verkopft,sphärisch
verkraften,spiegelbildlich
verlangen,spirituell
vermeinen,spurlos verschwunden
vermuten,spürbar
vermählt,standfest
vermögen,standhaft
vernunftgemäß,stante pede
vernünftig,stark
verschieden,starke Inanspruchnahme
verschiedenartig,starr
verschlossen,stationär
verschwiegen,staunenswert
verschärft (nachdenken),stehen
versorgen,stehenden Fußes
verstanden,steigernd
verstandesbetont,steigerungsfähig
verstandgesteuert,sterbensmüde
verstehen,stetig
versuchen,stets
versöhnlich,stets und ständig
vertragen,steuern
vertrauensvoll,stichhaltig
vertraut,stichprobenartig
verträglich,stiften gegangen
verwahren,stimmig
verwenden,stinkig
verwenden auf,stracks
verwickelt (sein),straight
viabel,stramm
viel (nachdenken),strapaziös
viel halten (auf etwas),strebsam
viel von (etwas) halten,strecken (südwestdt.)
viele Aspekte haben,streichen
vielfältig,streiten (für)
vielgestaltig,streitlustig
vielschichtig,stringent
vigilant,ständig
visibel,störend
visitieren,substanziell
vital,suizidal
voll (Farbe),suizidal (med.)
voll (noch eher jugendsprachlich),suizidgefährdet
voller Entdeckerfreude,suizidär
voller Freude,syndetisch
voller Hingabe,systemisch
voller Leidenschaft,säumen
vom Feinsten,tadelnswert
von Erfolg gekrönt,taktvoll
von Freudigkeit erfüllt,tantenhaft
von Herzen,tatsächlich
von Mensch zu Mensch,tendenziell
von Nutzen,terminieren
von Vorteil,tiefgreifend
von außerordentlicher Qualität,tierisch
von guter Qualität,tobsüchtig
von hohem geistigem Niveau,todessehnsüchtig
von hohem geistigen Anspruch,todmüde
von höchstem geistigen Niveau,tot
von höchster ... (Intensität o.ä.),tot und begraben (Verstärkung)
von intellektueller Brillanz,transparent
voneinander abweichend,traute Harmonie
vonstatten gehen,triftig
vor allem,trivial
voran,trocken
"vorausgesetzt, dass",träum weiter!
voraussetzen,"tun, was man kann"
vorfallen,turnusmäßig
vorfinden,täglich Brot
vornehmlich,täglicher Trott
vorschriftsmäßig,tätig sein
vorsetzen,tätig sein (als)
vorsichtig,tätig sein (für)
vorstellbar,tüchtig
vorteilhaft,um
vortrefflich,um den Dreh (rum)
vorwärts,um die
vorzüglich,umblättern
wach,umgehend
wachsam,umhauen
wachsen lassen,umkrempeln
wahren,umranden
wahrnehmbar,umrissen
wahrnehmen,umschlagen
"wahrnehmen (Termin, Vorteil, Chance)",umsetzen
warm,umsägen
warum nicht?!,unabdingbar
was anderes,unabdingbar (sein)
weich,unabkömmlich
weiter,unabänderlich
weiterentwickeln,unangenehm
weiterführen,unannehmbar
weitergeführt,unaufdringlich
weiterhin,unauffindbar
weitermachen,unauffällig
weiters,unaufgeschlossen
weltoffen,unbeachtlich einer Sache (Juristendeutsch)
wenig auskunftsfreudig,unbedingt dazugehören
wertschätzen,unbeherrscht
wertschätzend,unbeirrbar
wertvoll,unbeirrt
wie am Schnürchen,unbequem
wie ausgewechselt (sein),unberücksichtigt (bleiben)
wie ein Glöckerl,unbeschönigt
wie es sich gehört,unbeugsam
wie geschmiert,unbewegt
wild vergnügt,undenkbar
wildvergnügt,unentbehrlich
wirken bei,unentschlossen
wirkend,unerfreulich
wissbegierig,unerlässlich
wissensdurstig,unerquicklich
witzig,unerschütterlich
wo wir schon mal dabei sind (...),unersetzbar
wohl,unersetzlich
wohlgeformt,unerwünscht
wohlgelaunt,unfreundlich
wohlgestimmt,ungeduldig
wohltuend,ungefähr
wohlwollend,ungehalten
wollen,ungeliebt
worauf wartest du?,ungenügend
wortarm,ungerechnet
wortkarg,ungesellig
"wumbaba (neol., ironisch)",ungesäumt
wunderbar,ungetrübt
wundersam,ungezielt
wundervoll,ungezügelt
wutentbrannt,ungleich
wähnen,ungleichartig
wäre nicht das erste Mal,ungut
wörteln,unhaltbar
wünschen,unkontrolliert
würdigen,unkörperlich
wütend,unliebsam
yep (szenesprachl.),unmissverständlich
zack zack!,unmittelbar
zackig,unmittelbar einleuchten
zaghaft,unmöglich
zahlreich,unnachgiebig
zahm,unnahbar
zeigen,unnatürlich
zeitnah,unscharf machen
zeitsparend,unschön
ziehen bei,unsicher
zornig,unstofflich
zu Besuch kommen,unter Abzug von
zu besetzen,unter Ausschluss von
zu haben (für),unter Belastung
zu jemandes Vorteil gereichen,unter Dach und Fach (sein)
zu machen,unter Dach und Fach bringen
zu schaffen,unter Dampf (stehend)
zu schätzen wissen,unter Druck (stehend)
zu sehen sein,unter Schlafmangel leiden
zu tun haben mit,unter Soll
zu wissen glauben,unter Spannung
zu zweit,unter Vorbehalt
zudem,unterkühlt
zueinander,unterm Torf
zugeknöpft,unterschiedlich
zugleich,unterwegs
zugreifen,unterweisen
zugutekommen,unterweisen (in)
zugutekommen lassen,untragbar
zugänglich,unumgänglich
zukommen lassen,unumwunden
zukunftsfest,unverblümt
zukunftsfähig,unverhohlen
zukunftstauglich,unverrückbar
zulassen,unvertretbar
zum Einsatz bringen,unverzichtbar
zum Niederknien,unverzüglich
zum Sterben schön,unveränderlich
zumal,unverändert
zur Antwort geben,unwillkommen
zur Verfügung,unzugänglich
zur Verfügung stehen,unzulänglich
zur Verfügung stellen,unzumutbar
zurückgenommen,unzureichend
zurückhaltend,unzweifelhaft
zurückhaltend (reagieren),unähnlich
zusagen,unübersehbar
zusammen,vehement
zusammen (mit),veranlassen
zusammenbauen,verbindlich
zusammenfinden,verblichen
zusammenfügen,verbunden (mit)
zusammengeballt,verfügen
zusammenschreiben,vergebliche Liebesmüh sein (im Konjunktiv: das wäre...)
zusammentragen,vergeistigt
zuschlagen,vergessen Sie's!
zustimmen,vergiss es!
zustimmend,vergleichsweise
zustimmend aufnehmen,vergriffen (Buch)
zusätzlich,verhalten
zuteil werden lassen,verhältnismäßig
zuteilen,verhören
zutiefst,verkehren
zutreffend,verkraftbar
zuträglich,verkünden
zuversichtlich,verletzlich
zuvorkommend,verletzt
zwei Fliegen mit einer Klappe schlagen,verloren
zwei Paar Schuhe,verloren gegangen
zwei Paar Stiefel,vermehrt
zweideutig,vermisst (werden)
zweifelnd,vermutlich
zweigesichtig,vernadern
zweigeteilt,vernehmen
zwielichtig,vernünftig
zwiespältig,verordnen
zwischen den Stühlen,verpennt
zwischenmenschlich,verpetzen
zügellos,verpfeifen
zügig,verrichten
Übergang,verschieden
Überprüfung,verschiedenartig
Übersummativität,verschlafen
Übertragung,verschlossen
ästimieren,verschollen
äußerst,verschwiegen
über,verschwunden
über (...) hinaus,verschütt gegangen
überaus,versehen (Dienst)
überdies,verstehbar
übernehmen,verstorben
überprüfbar,verständlich
überragend,verstärkt
überwältigend,verstört
,versus
,vertraut machen (mit)
,viel
,vielfältig
,vielleicht
,vollbracht
,vollen Einsatz zeigen
,vollenden
,vollendet
,vollführen
,vollzogen
,vom Tisch (sein)
,vom Winde verweht
,von Bedeutung
,von Belang
,von Gewicht
,von Mal zu Mal (+ Komparativ)
,von Relevanz
,von Windows verweht
,von dannen
,von elementarer Bedeutung
,von essentieller Bedeutung
,von essenzieller Bedeutung
,von großer Bedeutung
,von großer Tragweite
,von großer Wichtigkeit
,von grundlegender Bedeutung
,von jemandem fehlt jede Spur
,von seiner Hände Arbeit leben
,von uns gegangen
,von wegen!
,voneinander abweichend
,vonnöten
,vor Müdigkeit umfallen
,vor allem
,vor allen Dingen
,vorausschauend handeln
,vorbehalten
,vorgeben
,vorgefasste Meinung
,vorgefertigte Lösung
,vormerken
,vorrangig
,vorschreiben
,vorsichtig
,vorwiegend
,vorüber
,vs.
,völlig ausgeschlossen
,völlig klar
,wahlfrei
,wahllos
,wahrhaftig
,wahrnehmbar
,wahrscheinlich
,was anderes
,wedeln
,weg
,"weg (= fortgelaufen, weggefahren)"
,weg vom Fenster
,wegfallen
,weggelaufen
,weit
,weit gefehlt
,weiter blättern
,weitreichend
,wenig beneidenswert
,weniger
,werben (für)
,werken
,wesenlos
,wesentlich
,wesentlich (sein)
,wichtig
,wichtig (sein)
,wider
,widersinnig
,widerspruchsfrei
,widmen
,widrig
,wie es scheint
,wie es schien
,wie vom Erdboden verschluckt
,wie weggeblasen
,wiederholbar
,wiederholend
,wiederkehrend
,wiegen
,willkürlich
,wirken
,wirken (als)
,wissenschaftliche Arbeit
,wissenswert
,wo denken Sie hin!
,wo denkst du hin!
,"wo kämen wir (denn) da hin (,wenn ...)!"
,wohl
,wolkenlos
,womöglich
,wortwörtlich
,wund
,wutentbrannt
,würdevolles Benehmen
,wüssten
,wütend
,zaghaft
,zartbesaitet
,zaudernd
,zentral
,zerebral
,zerkratzt
,zerrissen
,zerschunden
,zieht einem den Mund zu(sammen)
,zielbewusst
,zielgerichtet
,ziellos
,zielorientiert
,zielstrebig
,ziemlich
,zimperlich
,zirka
,zitronig
,zornig
,zu Ende führen
,zu Ende gebracht
,zu Hilfe holen
,zu Potte kommen
,zu hören sein
,zu verkraften (sein)
,zu viel Aufwand
,zu wenig
,zu wünschen übrig lassen
,zuallererst
,zuerst (einmal)
,zufallsbasiert
,zufallsgesteuert
,zufällig
,zugeknöpft
,zugespitzt
,zum Hals(e) heraushängen
,zum Hals(e) raushängen
,zunehmend
,zunehmend (+ Komparativ)
,zunächst (einmal)
,zur Kenntnis nehmen
,zur Rede stellen
,zur Schau getragen
,zurückgenommen
,zurückhalten
,zurückhaltend
,zurückrufen (Telefon)
,zusichern
,zuteilen
,zuvörderst
,zweckmäßig
,zwei Paar Schuhe
,zwei Paar Stiefel
,zweihundertprozentig
,zwingend
,zwingend benötigt
,zyklisch
,zynisch
,zählen
,zögerlich
,zögernd
,zügellos
,Ächtung
,Äußerung
,Öl auf die Wogen gießen
,Übereilung
,Übereinkommen
,Übereinkunft
,Übereinstimmung
,Überlegung
,Überschlag
,Überstürzung
,Übertölpelung
,Übervorteilung
,Überzeugung
,ängstlich besorgt
,ärgerlich
,ätherisch
,ätzend
,äußerlich betrachtet
,über alle Berge
,über den Daumen (gepeilt)
,überempfindlich
,überflüssig werden
,übermüdet
,übernächtigt
,überschlägig (kaufm.)
,überschreiten
,übersensibel
,übersteigen
,überstürztes Vorgehen
,übertreten
,übertriebener Aufwand
,überwiegend
,überzeugend
,überzeugt
