Warm,Kalt
aktiv,*-Störung
aktive Kooperation,*-Therapie
ambivalent,abnorm
anbieten,abnorme Beziehungsmuster
anders,absagen
anders hörend,Abstand
Angebot,aggressiv
Angebote,Akteure
angenommen,Aktionstherapie
anhaltend,Alltag
annehmen,altersgerecht
aufgeschlossen,am Rande
aufmerksam,ambivalent emotional
ausbilden,Ambulanz
ausgeglichen,Anforderung
aushalten,anleiten
ausprobieren,Anleitung
Austausch,antriebsarm
bedanken,Arbeit
Bedürfnisse,arbeiten
begegnen,Arbeitshaltung
begleiten,auffiel
begleitet,Aufmerksamkeitsstörung
Begleitung,ausdrücklich
Beisein,ausführlich Zeit
benötigen,ausgeschlossen
besonderes Potential,Ausnahmen
besonders,Ausrichtung
besprechen,Aussage
besuchen,Ausschluss
Beziehung,auszuhalten
bilden,Bedarf
Bildungsoption,Behandlung
Bildungsort,bemängelt
Bildungsweg,bemühen
darf,bemüht
darf begegnen,Bemühung
darf dazugehören,benötigend
Dialog,Beratungsbedarf
eigene Normalität,besprochen
ein Mädchen,betreut
ein Teil von,Bewertung
einlassen,Beziehungsmuster
emotional,Bezug
Empfindung,Bezug auf Beziehungen
engagiert,Bezugsperson
entgegenbringen,Bildungsoptionen
enthemmend,Bindungsstörung
Entlastung,deutlich
Entstehungsprozess,deutlich ambivalent
entwickeln,Diagnose
erfolgen,direkt
erfolgreich,distanziert
erhalten,dramatisch
ermöglichen,dünnhäutig
ermöglichen,einfache Aktivitätsstörung
familiär,eingeschränkt
fortführen,einhalten
fortgeführt,Einvernehmen
freundlich,EInzelkontakt
friedlich,Einzelkontakte
friedliche Zuversicht,entschärfen
fröhlich,Epikrise
fröhlicher,Ergebnis
ganz normal,erläutert
geduldig,erledigen
gefördert,Erwartung
geistige Ressourcen,Erwartungen
gemeinsam,etablieren
gemeinsam spielen,festigt
gemeinsames Gespräch,gegen
gern,gegenwärtige
Gesundheit,geistig
gewohnt,gekoppelt
Grüße,Grenzen
gut,Grenzen überschreiten
Gut,Grenzsetzung
gut,Haltung
gut tun,Helfersystem
gute,Herausforderung
gute Gründe,Hintergrund
gute Neuigkeiten,in der Lage
gute Verbindung,informierend
gute Zusammenarbeit,inhaltliche Ausrichtung
guter Umgang,insgesamt weigehend positiv
Helfer,Integrationshilfe
Hilfe,Interaktionstherapie
hohes Gut,intervenieren
im Blick behalten,Intervention
im Interesse,kann nicht angenommen werden
impulsiv,kein
integrieren,keine
intellektuell,Kinder und Jugendpsychatrisch
intensiv,Kindesalter
Interesse,klar
Interessen,klare Reaktion
interessiert,Klassenleiterin
kein leichter Prozess,Kommunikation
Kolleginnen,Kompetenzen
konstruktiv,Konkurrenzverhalten
Kontakt,konsequent
Kontakte,kontinuierlich
konzentriert,Konzeption
Kooperation,Kurzbericht
körperliche Nähe,Laufbahn
korrekt,Leistung
kümmern,Leistungsanforderung
leicht,Leistungsergebnisse
lernen,Leistungsniveau
Lernerfahrung,Leistungspotential
lösend,Mädchen
Lösungsidee,medikamentös
möchten,Medikinet
Möglich,melden
möglich,methylphinidad
möglicher,Minderstörung
Möglichkeit,müde
Möglichkeiten,multimodal
Motivation,multimodales Behandlungssetting
Musiktherapeutisch,Mutter in Therapie integrieren
nachhaltig,Mutter/Kind-Interaktionstherapie
nah,Nachbehandlung
Nähe,Nachteil
nutzen,Nachteilsausgleich
offen,nachvollziehbar
Offenheit,offensichtlich
Pause,ohne
pflegerisch,oppositionell
positiv,Organisation
primäre Bezugsperson,organisiert
problemlos,Ort
produktiv,pendeln
reagieren,Person
Reaktion,Pflegemutter
reger,pflegerisch pädagogisch
respektieren,planen
Ressourcen,primär
Rhythmus,psychiatrisch
schafft,psychobehandlung
schien,psychotherapeutisch
schnell,Rahmen
sichtbar,Rahmen gesteckt
sichtbar werden,Rahmenbedingung
sinnvoll,rauskommen
spieltherapeutisch,reaktive Bindungsstörung
sprechen,Regelklasse
steht zur Verfügung,regelmäßig
suchen,Regeln
transparent,relativ einfach
Unterstützung,retard
Unterstützungsmöglichkeiten,Rolle
Verbindung,Sachstandsbericht
vermögen,schlägt schlagartig
verstanden,Schuljahr
vertrauensvoll,Schulleiter
vielfältig,schulmeidend
wachsen lassen,selbstverletzend
weiter,Setting
weiterentwickeln,sichergestellt
weitergeführt,sichergestellt schnell zu reagieren
wertschätzen,Sichtweise
wirkend,Sichtweisen
Wohlempfinden,sie erhielt Therapie
wunderbar,Sitzordnung
Wunsch,Sitzordnung organisiert
wünschen,Stand
Ziel,stationär
zueinander,störend
zur Verfügung,suizidal
zur Verfügung stehen,systemisch
zurückhaltend,Tempo
zusammen,Thema
Zusammenarbeit,Therapie
Zuversicht,Therapien
zwischen den Stühlen,überschreiten
zwischenmenschlich,Umgang
,umschlagen
,Unsicherheiten
,unterschiedlich
,unverzichtbar
,Vereinbarung
,verhalten
,Verlauf
,Verlaufskontrolle
,verschieden
,Vorbehalt
,Vorbehalte
,vorbehalten
,Vorgang
,Vormund
,Vorurteil
,wahllos
,Weg
,wichtig
,Widerspruch
,Wiederholung
,Wohlergehen
,wüssten
,zerrissen
,zunehmend
,zur Kenntnis nehmen